reward_game,counter_done_max_changes,discount_reward,segments,rewards_sum,done_penalty,is_done_success,discount_rewards,entropy,entropy_map,bonus_factor,representation,counter_changes,changes_penalty,experience_bonus,reward_experience_bonus,reward,historical,done_bonus,counter_done,agent,piece_penalty,counter_done_interations
3.0,4,,[138 190 104  47  81 108 196 138],1.2499999999999998,,True,1.8369588658770968,2.75,1.1757824737360034,1.1456439237389602,narrow-puzzle,16,,1.0102,2.77805,2.75,"{'rewards': [-0.1, -0.1, -0.1, -0.1, -0.1, -0.1, -0.1, -0.1, -0.1, -0.1, -0.1, -0.1, -0.1, -0.1, -0.1, 2.75], 'action': [array([203], dtype=int64), array([104], dtype=int64), array([58], dtype=int64), array([104], dtype=int64), array([138], dtype=int64), array([138], dtype=int64), array([52], dtype=int64), array([104], dtype=int64), array([138], dtype=int64), array([190], dtype=int64), array([104], dtype=int64), array([47], dtype=int64), array([81], dtype=int64), array([108], dtype=int64), array([196], dtype=int64), array([138], dtype=int64)]}",10.0,0,,0,0
3.0,8,,[ 81 196  75 196 192 196 104 172],1.3056390622295664,,True,1.7455689458217485,2.4056390622295662,1.1792437897804005,1.3228756555322954,narrow-puzzle,12,,1.0104,2.4306577084767538,2.4056390622295662,"{'rewards': [-0.1, -0.1, -0.1, -0.1, -0.1, -0.1, -0.1, -0.1, -0.1, -0.1, -0.1, 2.4056390622295662], 'action': [array([196], dtype=int64), array([203], dtype=int64), array([196], dtype=int64), array([104], dtype=int64), array([192], dtype=int64), array([196], dtype=int64), array([104], dtype=int64), array([172], dtype=int64), array([81], dtype=int64), array([196], dtype=int64), array([75], dtype=int64), array([196], dtype=int64)]}",0.0,1,,0,0
6.0,12,,[ 47 110 108 155  47  47 217 104],1.3056390622295664,,True,1.7455689458217485,2.4056390622295662,1.1636769203086366,1.3228756555322954,narrow-puzzle,12,,1.0106,2.4311388362891995,2.4056390622295662,"{'rewards': [-0.1, -0.1, -0.1, -0.1, -0.1, -0.1, -0.1, -0.1, -0.1, -0.1, -0.1, 2.4056390622295662], 'action': [array([129], dtype=int64), array([9], dtype=int64), array([104], dtype=int64), array([138], dtype=int64), array([47], dtype=int64), array([47], dtype=int64), array([217], dtype=int64), array([104], dtype=int64), array([47], dtype=int64), array([110], dtype=int64), array([108], dtype=int64), array([155], dtype=int64)]}",0.0,2,,0,0
3.0,19,,[196 164 108 257 177 138 196 258],0.6499999999999995,,True,1.4964090153507434,2.75,1.1888261091388024,1.0,narrow-puzzle,21,,1.0108,2.7796999999999996,2.75,"{'rewards': [-0.1, -0.1, -0.1, -0.1, -0.1, -0.1, -0.1, -0.1, -0.1, -0.1, -0.1, -0.1, -0.1, -0.1, -0.1, -0.1, -0.1, -0.1, -0.1, -0.1, -0.1, 2.75], 'action': [array([11], dtype=int64), array([262], dtype=int64), array([81], dtype=int64), array([138], dtype=int64), array([138], dtype=int64), array([108], dtype=int64), array([217], dtype=int64), array([202], dtype=int64), array([157], dtype=int64), array([254], dtype=int64), array([108], dtype=int64), array([105], dtype=int64), array([226], dtype=int64), array([172], dtype=int64), array([196], dtype=int64), array([258], dtype=int64), array([196], dtype=int64), array([164], dtype=int64), array([108], dtype=int64), array([257], dtype=int64), array([177], dtype=int64), array([138], dtype=int64)]}",10.0,3,,0,0
12.0,24,,[ 47  81 104 196 196 205 138 192],1.85,,True,2.191285436377427,2.75,1.1665004728376334,1.4491376746189437,narrow-puzzle,10,,1.011,2.7802499999999997,2.75,"{'rewards': [-0.1, -0.1, -0.1, -0.1, -0.1, -0.1, -0.1, -0.1, -0.1, 2.75], 'action': [array([4], dtype=int64), array([108], dtype=int64), array([104], dtype=int64), array([196], dtype=int64), array([196], dtype=int64), array([205], dtype=int64), array([138], dtype=int64), array([192], dtype=int64), array([47], dtype=int64), array([81], dtype=int64)]}",10.0,4,,0,0
3.0,27,,[ 61  47 192  47 104  36  78 164],0.9499999999999995,,True,1.6650002426119415,2.75,1.1428083923010568,1.1114378604524227,narrow-puzzle,17,,1.0112,2.7808,2.75,"{'rewards': [-0.1, -0.1, -0.1, -0.1, -0.1, -0.1, -0.1, -0.1, -0.1, -0.1, -0.1, -0.1, -0.1, -0.1, -0.1, -0.1, -0.1, -0.1, 2.75], 'action': [array([196], dtype=int64), array([104], dtype=int64), array([81], dtype=int64), array([104], dtype=int64), array([104], dtype=int64), array([290], dtype=int64), array([196], dtype=int64), array([139], dtype=int64), array([196], dtype=int64), array([172], dtype=int64), array([47], dtype=int64), array([47], dtype=int64), array([104], dtype=int64), array([36], dtype=int64), array([78], dtype=int64), array([164], dtype=int64), array([61], dtype=int64), array([47], dtype=int64), array([192], dtype=int64)]}",10.0,5,,0,0
3.0,30,,[205 179 203  77 118 190 190 258],1.6500000000000001,,True,2.071607380161263,2.75,1.1273420498903357,1.3228756555322954,narrow-puzzle,12,,1.0114,2.78135,2.75,"{'rewards': [-0.1, -0.1, -0.1, -0.1, -0.1, -0.1, -0.1, -0.1, -0.1, -0.1, -0.1, 2.75], 'action': [array([196], dtype=int64), array([172], dtype=int64), array([104], dtype=int64), array([47], dtype=int64), array([118], dtype=int64), array([190], dtype=int64), array([190], dtype=int64), array([258], dtype=int64), array([205], dtype=int64), array([179], dtype=int64), array([203], dtype=int64), array([77], dtype=int64)]}",10.0,6,,0,0
6.0,34,,[ 47  68 118  47 258 196 164 160],1.3499999999999999,,True,1.8950398554904744,2.75,1.1570150071686638,1.2709778186044849,narrow-puzzle,13,,1.0116,2.7819000000000003,2.75,"{'rewards': [-0.1, -0.1, -0.1, -0.1, -0.1, -0.1, -0.1, -0.1, -0.1, -0.1, -0.1, -0.1, -0.1, -0.1, 2.75], 'action': [array([47], dtype=int64), array([104], dtype=int64), array([11], dtype=int64), array([104], dtype=int64), array([217], dtype=int64), array([196], dtype=int64), array([9], dtype=int64), array([160], dtype=int64), array([47], dtype=int64), array([68], dtype=int64), array([118], dtype=int64), array([47], dtype=int64), array([258], dtype=int64), array([196], dtype=int64), array([164], dtype=int64)]}",10.0,7,,0,0
6.0,34,,[164  47 172 196 180  47 101  86],1.55,,True,2.0123612058704463,2.75,1.1241707693274454,1.2709778186044849,narrow-puzzle,13,,1.0118,2.78245,2.75,"{'rewards': [-0.1, -0.1, -0.1, -0.1, -0.1, -0.1, -0.1, -0.1, -0.1, -0.1, -0.1, -0.1, 2.75], 'action': [array([104], dtype=int64), array([199], dtype=int64), array([47], dtype=int64), array([217], dtype=int64), array([138], dtype=int64), array([47], dtype=int64), array([101], dtype=int64), array([86], dtype=int64), array([164], dtype=int64), array([47], dtype=int64), array([172], dtype=int64), array([196], dtype=int64), array([180], dtype=int64)]}",10.0,8,,0,0
6.0,41,,[102 264 202 196  47 196 104 168],1.1499999999999997,,True,1.779260496205483,2.75,1.1521588527371507,1.1456439237389602,narrow-puzzle,16,,1.012,2.783,2.75,"{'rewards': [-0.1, -0.1, -0.1, -0.1, -0.1, -0.1, -0.1, -0.1, -0.1, -0.1, -0.1, -0.1, -0.1, -0.1, -0.1, -0.1, 2.75], 'action': [array([81], dtype=int64), array([138], dtype=int64), array([47], dtype=int64), array([196], dtype=int64), array([138], dtype=int64), array([104], dtype=int64), array([138], dtype=int64), array([198], dtype=int64), array([27], dtype=int64), array([264], dtype=int64), array([202], dtype=int64), array([196], dtype=int64), array([47], dtype=int64), array([196], dtype=int64), array([104], dtype=int64), array([168], dtype=int64), array([102], dtype=int64)]}",10.0,9,,0,0
3.0,42,,[ 18  47  81 192 104 203 233  47],1.9500000000000002,,True,2.2517232731508723,2.75,1.1857173583438319,1.5275252316519468,narrow-puzzle,9,,1.0122,2.78355,2.75,"{'rewards': [-0.1, -0.1, -0.1, -0.1, -0.1, -0.1, -0.1, -0.1, 2.75], 'action': [array([104], dtype=int64), array([47], dtype=int64), array([81], dtype=int64), array([192], dtype=int64), array([104], dtype=int64), array([203], dtype=int64), array([233], dtype=int64), array([47], dtype=int64), array([18], dtype=int64)]}",10.0,10,,0,0
3.0,50,,[164   9 202  38 172  60 192 196],1.5999999999999999,,True,2.128275931088327,3.0,1.1877523199629065,1.1832159566199232,narrow-puzzle,15,,1.0124,3.0372,3.0,"{'rewards': [-0.1, -0.1, -0.1, -0.1, -0.1, -0.1, -0.1, -0.1, -0.1, -0.1, -0.1, -0.1, -0.1, -0.1, 3.0], 'action': [array([104], dtype=int64), array([138], dtype=int64), array([172], dtype=int64), array([289], dtype=int64), array([138], dtype=int64), array([11], dtype=int64), array([47], dtype=int64), array([196], dtype=int64), array([164], dtype=int64), array([9], dtype=int64), array([202], dtype=int64), array([38], dtype=int64), array([172], dtype=int64), array([60], dtype=int64), array([192], dtype=int64)]}",50.0,11,,0,0
3.0,52,,[164 290  47 196 138  61  40  27],1.9000000000000001,,True,2.3083055640859937,3.0,1.1459627025872423,1.3228756555322954,narrow-puzzle,12,,1.0126,3.0378,3.0,"{'rewards': [-0.1, -0.1, -0.1, -0.1, -0.1, -0.1, -0.1, -0.1, -0.1, -0.1, -0.1, 3.0], 'action': [array([104], dtype=int64), array([104], dtype=int64), array([203], dtype=int64), array([192], dtype=int64), array([138], dtype=int64), array([61], dtype=int64), array([40], dtype=int64), array([27], dtype=int64), array([164], dtype=int64), array([290], dtype=int64), array([47], dtype=int64), array([196], dtype=int64)]}",50.0,12,,0,0
3.0,56,,[ 61 205 125 183 196 104 138 217],1.3999999999999997,,True,2.0102263882879434,3.0,1.1914408345487622,1.1456439237389602,narrow-puzzle,16,,1.0128,3.0383999999999998,3.0,"{'rewards': [-0.1, -0.1, -0.1, -0.1, -0.1, -0.1, -0.1, -0.1, -0.1, -0.1, -0.1, -0.1, -0.1, -0.1, -0.1, -0.1, 3.0], 'action': [array([242], dtype=int64), array([202], dtype=int64), array([192], dtype=int64), array([202], dtype=int64), array([196], dtype=int64), array([163], dtype=int64), array([205], dtype=int64), array([196], dtype=int64), array([148], dtype=int64), array([205], dtype=int64), array([125], dtype=int64), array([183], dtype=int64), array([196], dtype=int64), array([104], dtype=int64), array([138], dtype=int64), array([217], dtype=int64), array([61], dtype=int64)]}",50.0,13,,0,0
3.0,65,,[150   4 192  61 196  73 138 154],0.8999999999999995,,True,1.721828799965464,3.0,1.217869326831866,1.0,narrow-puzzle,21,,1.013,3.0389999999999997,3.0,"{'rewards': [-0.1, -0.1, -0.1, -0.1, -0.1, -0.1, -0.1, -0.1, -0.1, -0.1, -0.1, -0.1, -0.1, -0.1, -0.1, -0.1, -0.1, -0.1, -0.1, -0.1, -0.1, 3.0], 'action': [array([47], dtype=int64), array([104], dtype=int64), array([47], dtype=int64), array([47], dtype=int64), array([104], dtype=int64), array([258], dtype=int64), array([196], dtype=int64), array([181], dtype=int64), array([193], dtype=int64), array([225], dtype=int64), array([192], dtype=int64), array([196], dtype=int64), array([138], dtype=int64), array([265], dtype=int64), array([138], dtype=int64), array([154], dtype=int64), array([150], dtype=int64), array([4], dtype=int64), array([192], dtype=int64), array([61], dtype=int64), array([196], dtype=int64), array([73], dtype=int64)]}",50.0,14,,0,0
6.0,69,,[108 196 138 104  47 196  19  81],2.05,,True,2.312564325550234,2.75,1.2103342588843413,1.620185174601965,narrow-puzzle,8,,1.0132,2.7863,2.75,"{'rewards': [-0.1, -0.1, -0.1, -0.1, -0.1, -0.1, -0.1, 2.75], 'action': [array([108], dtype=int64), array([196], dtype=int64), array([138], dtype=int64), array([104], dtype=int64), array([47], dtype=int64), array([196], dtype=int64), array([19], dtype=int64), array([81], dtype=int64)]}",10.0,15,,0,0
6.0,69,,[ 47 108 138 104 155  47 196 138],1.6,,True,1.952240623899438,2.5,1.195228021096812,1.4491376746189437,narrow-puzzle,10,,1.0134,2.5335,2.5,"{'rewards': [-0.1, -0.1, -0.1, -0.1, -0.1, -0.1, -0.1, -0.1, -0.1, 2.5], 'action': [array([138], dtype=int64), array([196], dtype=int64), array([138], dtype=int64), array([104], dtype=int64), array([155], dtype=int64), array([47], dtype=int64), array([196], dtype=int64), array([138], dtype=int64), array([47], dtype=int64), array([108], dtype=int64)]}",0.0,16,,0,0
6.0,74,,[258  83 265 203 264 202 205 217],1.3999999999999997,,True,2.0102263882879434,3.0,1.1831174247942697,1.1114378604524227,narrow-puzzle,17,,1.0136,3.0408,3.0,"{'rewards': [-0.1, -0.1, -0.1, -0.1, -0.1, -0.1, -0.1, -0.1, -0.1, -0.1, -0.1, -0.1, -0.1, -0.1, -0.1, -0.1, 3.0], 'action': [array([47], dtype=int64), array([104], dtype=int64), array([104], dtype=int64), array([47], dtype=int64), array([138], dtype=int64), array([203], dtype=int64), array([196], dtype=int64), array([196], dtype=int64), array([138], dtype=int64), array([83], dtype=int64), array([265], dtype=int64), array([203], dtype=int64), array([264], dtype=int64), array([202], dtype=int64), array([205], dtype=int64), array([217], dtype=int64), array([258], dtype=int64)]}",50.0,17,,0,0
12.0,81,,[ 68 164 168 164 193 138 203 202],1.2499999999999998,,True,1.8369588658770968,2.75,1.172101516472707,1.1456439237389602,narrow-puzzle,16,,1.0138,2.78795,2.75,"{'rewards': [-0.1, -0.1, -0.1, -0.1, -0.1, -0.1, -0.1, -0.1, -0.1, -0.1, -0.1, -0.1, -0.1, -0.1, -0.1, 2.75], 'action': [array([47], dtype=int64), array([104], dtype=int64), array([271], dtype=int64), array([206], dtype=int64), array([138], dtype=int64), array([196], dtype=int64), array([192], dtype=int64), array([108], dtype=int64), array([68], dtype=int64), array([164], dtype=int64), array([168], dtype=int64), array([164], dtype=int64), array([193], dtype=int64), array([138], dtype=int64), array([203], dtype=int64), array([202], dtype=int64)]}",10.0,18,,0,0
6.0,93,,[196 104 203 217  11 155 163 238],0.9999999999999996,,True,1.778751014874469,3.0,1.177489634213522,1.0801234497346435,narrow-puzzle,18,,1.014,3.042,3.0,"{'rewards': [-0.1, -0.1, -0.1, -0.1, -0.1, -0.1, -0.1, -0.1, -0.1, -0.1, -0.1, -0.1, -0.1, -0.1, -0.1, -0.1, -0.1, -0.1, -0.1, -0.1, 3.0], 'action': [array([196], dtype=int64), array([104], dtype=int64), array([108], dtype=int64), array([164], dtype=int64), array([203], dtype=int64), array([47], dtype=int64), array([196], dtype=int64), array([47], dtype=int64), array([196], dtype=int64), array([101], dtype=int64), array([203], dtype=int64), array([251], dtype=int64), array([137], dtype=int64), array([155], dtype=int64), array([163], dtype=int64), array([238], dtype=int64), array([196], dtype=int64), array([104], dtype=int64), array([203], dtype=int64), array([217], dtype=int64), array([11], dtype=int64)]}",50.0,19,,0,0
3.0,99,,[  9 164  72 203 288 138 202 217],1.8,,True,2.2478977001032003,3.0,1.2095547982353245,1.2709778186044849,narrow-puzzle,13,,1.0142,3.0426,3.0,"{'rewards': [-0.1, -0.1, -0.1, -0.1, -0.1, -0.1, -0.1, -0.1, -0.1, -0.1, -0.1, -0.1, 3.0], 'action': [array([104], dtype=int64), array([104], dtype=int64), array([104], dtype=int64), array([32], dtype=int64), array([184], dtype=int64), array([138], dtype=int64), array([202], dtype=int64), array([217], dtype=int64), array([9], dtype=int64), array([164], dtype=int64), array([72], dtype=int64), array([203], dtype=int64), array([288], dtype=int64)]}",50.0,20,,0,0
3.0,108,,[135 164 163  60 138 118  47 138],1.1499999999999997,,True,1.779260496205483,2.75,1.1964480777728426,1.1114378604524227,narrow-puzzle,17,,1.0144,2.7896,2.75,"{'rewards': [-0.1, -0.1, -0.1, -0.1, -0.1, -0.1, -0.1, -0.1, -0.1, -0.1, -0.1, -0.1, -0.1, -0.1, -0.1, -0.1, 2.75], 'action': [array([104], dtype=int64), array([104], dtype=int64), array([104], dtype=int64), array([205], dtype=int64), array([190], dtype=int64), array([132], dtype=int64), array([196], dtype=int64), array([47], dtype=int64), array([164], dtype=int64), array([164], dtype=int64), array([163], dtype=int64), array([60], dtype=int64), array([138], dtype=int64), array([118], dtype=int64), array([47], dtype=int64), array([138], dtype=int64), array([135], dtype=int64)]}",10.0,21,,0,0
3.0,120,,[196 196  39 192  81  47 199 233],1.6500000000000001,,True,2.071607380161263,2.75,1.1810578562365133,1.3228756555322954,narrow-puzzle,12,,1.0146,2.7901499999999997,2.75,"{'rewards': [-0.1, -0.1, -0.1, -0.1, -0.1, -0.1, -0.1, -0.1, -0.1, -0.1, -0.1, 2.75], 'action': [array([155], dtype=int64), array([27], dtype=int64), array([104], dtype=int64), array([47], dtype=int64), array([81], dtype=int64), array([47], dtype=int64), array([199], dtype=int64), array([233], dtype=int64), array([196], dtype=int64), array([196], dtype=int64), array([39], dtype=int64), array([192], dtype=int64)]}",10.0,22,,0,0
3.0,125,,[164  80  47 177 196  47 108   9],1.75,,True,2.1312478018305936,2.75,1.1862564792272536,1.381698559415515,narrow-puzzle,11,,1.0148,2.7906999999999997,2.75,"{'rewards': [-0.1, -0.1, -0.1, -0.1, -0.1, -0.1, -0.1, -0.1, -0.1, -0.1, 2.75], 'action': [array([81], dtype=int64), array([104], dtype=int64), array([9], dtype=int64), array([177], dtype=int64), array([196], dtype=int64), array([47], dtype=int64), array([108], dtype=int64), array([9], dtype=int64), array([164], dtype=int64), array([80], dtype=int64), array([47], dtype=int64)]}",10.0,23,,0,0
3.0,134,,[192  47 104 196 138 138  81  54],1.85,,True,2.191285436377427,2.75,1.1813615935019375,1.4491376746189437,narrow-puzzle,10,,1.0150000000000001,2.7912500000000002,2.75,"{'rewards': [-0.1, -0.1, -0.1, -0.1, -0.1, -0.1, -0.1, -0.1, -0.1, 2.75], 'action': [array([104], dtype=int64), array([104], dtype=int64), array([104], dtype=int64), array([196], dtype=int64), array([138], dtype=int64), array([138], dtype=int64), array([81], dtype=int64), array([54], dtype=int64), array([192], dtype=int64), array([47], dtype=int64)]}",10.0,24,,0,0
3.0,135,,[214 196 196  81 138 138 199 163],1.6,,True,1.952240623899438,2.5,1.1913583817099533,1.4491376746189437,narrow-puzzle,10,,1.0152,2.5380000000000003,2.5,"{'rewards': [-0.1, -0.1, -0.1, -0.1, -0.1, -0.1, -0.1, -0.1, -0.1, 2.5], 'action': [array([196], dtype=int64), array([104], dtype=int64), array([196], dtype=int64), array([81], dtype=int64), array([138], dtype=int64), array([138], dtype=int64), array([199], dtype=int64), array([163], dtype=int64), array([214], dtype=int64), array([196], dtype=int64)]}",0.0,25,,0,0
3.0,139,,[ 34 190  60 125 104 196 202 108],1.9000000000000001,,True,2.3083055640859937,3.0,1.1712236330245531,1.3228756555322954,narrow-puzzle,12,,1.0154,3.0462000000000002,3.0,"{'rewards': [-0.1, -0.1, -0.1, -0.1, -0.1, -0.1, -0.1, -0.1, -0.1, -0.1, -0.1, 3.0], 'action': [array([196], dtype=int64), array([104], dtype=int64), array([163], dtype=int64), array([172], dtype=int64), array([104], dtype=int64), array([196], dtype=int64), array([202], dtype=int64), array([108], dtype=int64), array([34], dtype=int64), array([190], dtype=int64), array([60], dtype=int64), array([125], dtype=int64)]}",50.0,26,,0,0
3.0,147,,[ 80  38 263 203 260 205   9 196],1.8,,True,2.2478977001032003,3.0,1.2134851268194187,1.2709778186044849,narrow-puzzle,13,,1.0156,3.0468,3.0,"{'rewards': [-0.1, -0.1, -0.1, -0.1, -0.1, -0.1, -0.1, -0.1, -0.1, -0.1, -0.1, -0.1, 3.0], 'action': [array([104], dtype=int64), array([47], dtype=int64), array([104], dtype=int64), array([245], dtype=int64), array([265], dtype=int64), array([205], dtype=int64), array([9], dtype=int64), array([196], dtype=int64), array([80], dtype=int64), array([38], dtype=int64), array([263], dtype=int64), array([203], dtype=int64), array([260], dtype=int64)]}",50.0,27,,0,0
3.0,155,,[265 196 274  43 163 104  47 138],1.7,,True,2.187888814309156,3.0,1.1801779891921615,1.224744871391589,narrow-puzzle,14,,1.0158,3.0474,3.0,"{'rewards': [-0.1, -0.1, -0.1, -0.1, -0.1, -0.1, -0.1, -0.1, -0.1, -0.1, -0.1, -0.1, -0.1, 3.0], 'action': [array([138], dtype=int64), array([104], dtype=int64), array([40], dtype=int64), array([47], dtype=int64), array([138], dtype=int64), array([47], dtype=int64), array([47], dtype=int64), array([138], dtype=int64), array([265], dtype=int64), array([196], dtype=int64), array([274], dtype=int64), array([43], dtype=int64), array([163], dtype=int64), array([104], dtype=int64)]}",50.0,28,,0,0
6.0,158,,[ 26 196 265  81  75 196 192 196],1.3056390622295664,,True,1.7455689458217485,2.4056390622295662,1.1735326473757324,1.3228756555322954,narrow-puzzle,12,,1.016,2.4441292872252394,2.4056390622295662,"{'rewards': [-0.1, -0.1, -0.1, -0.1, -0.1, -0.1, -0.1, -0.1, -0.1, -0.1, -0.1, 2.4056390622295662], 'action': [array([196], dtype=int64), array([104], dtype=int64), array([47], dtype=int64), array([203], dtype=int64), array([75], dtype=int64), array([196], dtype=int64), array([192], dtype=int64), array([196], dtype=int64), array([26], dtype=int64), array([196], dtype=int64), array([265], dtype=int64), array([81], dtype=int64)]}",0.0,29,,0,0
3.0,170,,[272 196  26  47  81 192 217 196],1.3499999999999999,,True,1.8950398554904744,2.75,1.1745252472435195,1.224744871391589,narrow-puzzle,14,,1.0162,2.79455,2.75,"{'rewards': [-0.1, -0.1, -0.1, -0.1, -0.1, -0.1, -0.1, -0.1, -0.1, -0.1, -0.1, -0.1, -0.1, -0.1, 2.75], 'action': [array([104], dtype=int64), array([258], dtype=int64), array([203], dtype=int64), array([60], dtype=int64), array([164], dtype=int64), array([192], dtype=int64), array([104], dtype=int64), array([196], dtype=int64), array([272], dtype=int64), array([196], dtype=int64), array([26], dtype=int64), array([47], dtype=int64), array([81], dtype=int64), array([192], dtype=int64), array([217], dtype=int64)]}",10.0,30,,0,0
6.0,170,,[ 47 196 290 192 172 155 138 129],1.9000000000000001,,True,2.3083055640859937,3.0,1.1596079252176674,1.3228756555322954,narrow-puzzle,12,,1.0164,3.0492,3.0,"{'rewards': [-0.1, -0.1, -0.1, -0.1, -0.1, -0.1, -0.1, -0.1, -0.1, -0.1, -0.1, 3.0], 'action': [array([190], dtype=int64), array([104], dtype=int64), array([172], dtype=int64), array([104], dtype=int64), array([172], dtype=int64), array([155], dtype=int64), array([138], dtype=int64), array([129], dtype=int64), array([47], dtype=int64), array([196], dtype=int64), array([290], dtype=int64), array([192], dtype=int64)]}",50.0,31,,0,0
11.0,172,,[217 231 243 192  85 269 104 138],1.7,,True,2.187888814309156,3.0,1.2030641619091373,1.224744871391589,narrow-puzzle,14,,1.0166,3.0498,3.0,"{'rewards': [-0.1, -0.1, -0.1, -0.1, -0.1, -0.1, -0.1, -0.1, -0.1, -0.1, -0.1, -0.1, -0.1, 3.0], 'action': [array([104], dtype=int64), array([164], dtype=int64), array([192], dtype=int64), array([138], dtype=int64), array([138], dtype=int64), array([20], dtype=int64), array([104], dtype=int64), array([138], dtype=int64), array([217], dtype=int64), array([231], dtype=int64), array([243], dtype=int64), array([192], dtype=int64), array([85], dtype=int64), array([269], dtype=int64)]}",50.0,32,,0,0
12.0,172,,[196 129 147  88 196 202 108   9],1.3499999999999999,,True,1.8950398554904744,2.75,1.2006008613397015,1.1832159566199232,narrow-puzzle,15,,1.0168,2.7962,2.75,"{'rewards': [-0.1, -0.1, -0.1, -0.1, -0.1, -0.1, -0.1, -0.1, -0.1, -0.1, -0.1, -0.1, -0.1, -0.1, 2.75], 'action': [array([138], dtype=int64), array([104], dtype=int64), array([138], dtype=int64), array([138], dtype=int64), array([163], dtype=int64), array([60], dtype=int64), array([202], dtype=int64), array([9], dtype=int64), array([196], dtype=int64), array([129], dtype=int64), array([147], dtype=int64), array([88], dtype=int64), array([196], dtype=int64), array([202], dtype=int64), array([108], dtype=int64)]}",10.0,33,,0,0
9.0,172,,[104 108 203 203 164  47 202  22],1.75,,True,2.1312478018305936,2.75,1.171884136797342,1.381698559415515,narrow-puzzle,11,,1.017,2.79675,2.75,"{'rewards': [-0.1, -0.1, -0.1, -0.1, -0.1, -0.1, -0.1, -0.1, -0.1, -0.1, 2.75], 'action': [array([290], dtype=int64), array([163], dtype=int64), array([299], dtype=int64), array([203], dtype=int64), array([164], dtype=int64), array([47], dtype=int64), array([202], dtype=int64), array([22], dtype=int64), array([104], dtype=int64), array([108], dtype=int64), array([203], dtype=int64)]}",10.0,34,,0,0
3.0,180,,[ 22  47 196 196 205 193  35  81],1.3499999999999999,,True,1.8950398554904744,2.75,1.1489976133623254,1.1832159566199232,narrow-puzzle,15,,1.0172,2.7973000000000003,2.75,"{'rewards': [-0.1, -0.1, -0.1, -0.1, -0.1, -0.1, -0.1, -0.1, -0.1, -0.1, -0.1, -0.1, -0.1, -0.1, 2.75], 'action': [array([47], dtype=int64), array([104], dtype=int64), array([104], dtype=int64), array([202], dtype=int64), array([196], dtype=int64), array([150], dtype=int64), array([47], dtype=int64), array([81], dtype=int64), array([22], dtype=int64), array([47], dtype=int64), array([196], dtype=int64), array([196], dtype=int64), array([205], dtype=int64), array([193], dtype=int64), array([35], dtype=int64)]}",10.0,35,,0,0
6.0,194,,[104 172 196 203 138 196 192  61],2.05,,True,2.312564325550234,2.75,1.1800228409865947,1.620185174601965,narrow-puzzle,8,,1.0174,2.7978500000000004,2.75,"{'rewards': [-0.1, -0.1, -0.1, -0.1, -0.1, -0.1, -0.1, 2.75], 'action': [array([104], dtype=int64), array([172], dtype=int64), array([196], dtype=int64), array([203], dtype=int64), array([138], dtype=int64), array([196], dtype=int64), array([192], dtype=int64), array([61], dtype=int64)]}",10.0,36,,0,0
0.0,209,,[ 81  47 104 203  47 235 138 203],1.8,,True,2.071141495637484,2.5,1.1839875303418979,1.620185174601965,narrow-puzzle,8,,1.0176,2.544,2.5,"{'rewards': [-0.1, -0.1, -0.1, -0.1, -0.1, -0.1, -0.1, 2.5], 'action': [array([81], dtype=int64), array([47], dtype=int64), array([104], dtype=int64), array([203], dtype=int64), array([47], dtype=int64), array([235], dtype=int64), array([138], dtype=int64), array([203], dtype=int64)]}",0.0,37,,0,0
7.0,211,,[196 228  22 221 138 127 164  81],1.3999999999999997,,True,2.0102263882879434,3.0,1.1471457394820475,1.1114378604524227,narrow-puzzle,17,,1.0178,3.0534,3.0,"{'rewards': [-0.1, -0.1, -0.1, -0.1, -0.1, -0.1, -0.1, -0.1, -0.1, -0.1, -0.1, -0.1, -0.1, -0.1, -0.1, -0.1, 3.0], 'action': [array([196], dtype=int64), array([47], dtype=int64), array([100], dtype=int64), array([138], dtype=int64), array([164], dtype=int64), array([196], dtype=int64), array([138], dtype=int64), array([196], dtype=int64), array([221], dtype=int64), array([228], dtype=int64), array([22], dtype=int64), array([221], dtype=int64), array([138], dtype=int64), array([127], dtype=int64), array([164], dtype=int64), array([81], dtype=int64), array([196], dtype=int64)]}",50.0,38,,0,0
3.0,218,,[196 118 126   9 163 129  47 138],1.9000000000000001,,True,2.3083055640859937,3.0,1.1758688222054545,1.3228756555322954,narrow-puzzle,12,,1.018,3.0540000000000003,3.0,"{'rewards': [-0.1, -0.1, -0.1, -0.1, -0.1, -0.1, -0.1, -0.1, -0.1, -0.1, -0.1, 3.0], 'action': [array([104], dtype=int64), array([217], dtype=int64), array([172], dtype=int64), array([47], dtype=int64), array([163], dtype=int64), array([129], dtype=int64), array([47], dtype=int64), array([138], dtype=int64), array([196], dtype=int64), array([118], dtype=int64), array([126], dtype=int64), array([9], dtype=int64)]}",50.0,39,,0,0
3.0,222,,[203 196 262 138   9 192 147 213],1.1999999999999995,,True,1.8937257375651166,3.0,1.2037172988452656,1.0513149660756935,narrow-puzzle,19,,1.0182,3.0545999999999998,3.0,"{'rewards': [-0.1, -0.1, -0.1, -0.1, -0.1, -0.1, -0.1, -0.1, -0.1, -0.1, -0.1, -0.1, -0.1, -0.1, -0.1, -0.1, -0.1, -0.1, 3.0], 'action': [array([104], dtype=int64), array([47], dtype=int64), array([104], dtype=int64), array([225], dtype=int64), array([195], dtype=int64), array([196], dtype=int64), array([115], dtype=int64), array([165], dtype=int64), array([205], dtype=int64), array([192], dtype=int64), array([196], dtype=int64), array([138], dtype=int64), array([9], dtype=int64), array([192], dtype=int64), array([147], dtype=int64), array([213], dtype=int64), array([203], dtype=int64), array([196], dtype=int64), array([262], dtype=int64)]}",50.0,40,,0,0
9.0,224,,[236  60 196 278 199 172 129 183],1.2999999999999996,,True,1.951783895271449,3.0,1.1931946543786562,1.0801234497346435,narrow-puzzle,18,,1.0184,3.0552,3.0,"{'rewards': [-0.1, -0.1, -0.1, -0.1, -0.1, -0.1, -0.1, -0.1, -0.1, -0.1, -0.1, -0.1, -0.1, -0.1, -0.1, -0.1, -0.1, 3.0], 'action': [array([112], dtype=int64), array([104], dtype=int64), array([49], dtype=int64), array([38], dtype=int64), array([196], dtype=int64), array([138], dtype=int64), array([291], dtype=int64), array([254], dtype=int64), array([47], dtype=int64), array([84], dtype=int64), array([196], dtype=int64), array([278], dtype=int64), array([199], dtype=int64), array([172], dtype=int64), array([129], dtype=int64), array([183], dtype=int64), array([236], dtype=int64), array([60], dtype=int64)]}",50.0,41,,0,0
6.0,245,,[252  47 118 108 117 138   4 164],1.9000000000000001,,True,2.3083055640859937,3.0,1.1890393365447554,1.3228756555322954,narrow-puzzle,12,,1.0186,3.0557999999999996,3.0,"{'rewards': [-0.1, -0.1, -0.1, -0.1, -0.1, -0.1, -0.1, -0.1, -0.1, -0.1, -0.1, 3.0], 'action': [array([104], dtype=int64), array([81], dtype=int64), array([138], dtype=int64), array([217], dtype=int64), array([117], dtype=int64), array([138], dtype=int64), array([4], dtype=int64), array([164], dtype=int64), array([252], dtype=int64), array([47], dtype=int64), array([118], dtype=int64), array([108], dtype=int64)]}",50.0,42,,0,0
3.0,248,,[202 138 196 138  68  47 104 217],1.85,,True,2.191285436377427,2.75,1.2124057448752814,1.4491376746189437,narrow-puzzle,10,,1.0188,2.8017,2.75,"{'rewards': [-0.1, -0.1, -0.1, -0.1, -0.1, -0.1, -0.1, -0.1, -0.1, 2.75], 'action': [array([104], dtype=int64), array([104], dtype=int64), array([196], dtype=int64), array([138], dtype=int64), array([68], dtype=int64), array([47], dtype=int64), array([104], dtype=int64), array([217], dtype=int64), array([202], dtype=int64), array([138], dtype=int64)]}",10.0,43,,0,0
18.0,251,,[  9   2 163 138  81 196 214  80],1.1999999999999995,,True,1.8937257375651166,3.0,1.2150581490302765,1.0801234497346435,narrow-puzzle,18,,1.019,3.0569999999999995,3.0,"{'rewards': [-0.1, -0.1, -0.1, -0.1, -0.1, -0.1, -0.1, -0.1, -0.1, -0.1, -0.1, -0.1, -0.1, -0.1, -0.1, -0.1, -0.1, -0.1, 3.0], 'action': [array([172], dtype=int64), array([104], dtype=int64), array([104], dtype=int64), array([138], dtype=int64), array([138], dtype=int64), array([217], dtype=int64), array([192], dtype=int64), array([4], dtype=int64), array([47], dtype=int64), array([196], dtype=int64), array([203], dtype=int64), array([138], dtype=int64), array([81], dtype=int64), array([196], dtype=int64), array([214], dtype=int64), array([80], dtype=int64), array([9], dtype=int64), array([2], dtype=int64), array([163], dtype=int64)]}",50.0,44,,0,0
3.0,251,,[196 129 196 138 193 125 108 120],1.1499999999999997,,True,1.779260496205483,2.75,1.2009955916014436,1.1456439237389602,narrow-puzzle,16,,1.0192,2.8028000000000004,2.75,"{'rewards': [-0.1, -0.1, -0.1, -0.1, -0.1, -0.1, -0.1, -0.1, -0.1, -0.1, -0.1, -0.1, -0.1, -0.1, -0.1, -0.1, 2.75], 'action': [array([9], dtype=int64), array([231], dtype=int64), array([196], dtype=int64), array([192], dtype=int64), array([199], dtype=int64), array([81], dtype=int64), array([81], dtype=int64), array([192], dtype=int64), array([258], dtype=int64), array([129], dtype=int64), array([196], dtype=int64), array([138], dtype=int64), array([193], dtype=int64), array([125], dtype=int64), array([108], dtype=int64), array([120], dtype=int64), array([196], dtype=int64)]}",10.0,45,,0,0
9.0,252,,[199 129 254 203 192 179 155 196],1.3999999999999997,,True,2.0102263882879434,3.0,1.187034670418514,1.1114378604524227,narrow-puzzle,17,,1.0194,3.0582000000000003,3.0,"{'rewards': [-0.1, -0.1, -0.1, -0.1, -0.1, -0.1, -0.1, -0.1, -0.1, -0.1, -0.1, -0.1, -0.1, -0.1, -0.1, -0.1, 3.0], 'action': [array([264], dtype=int64), array([104], dtype=int64), array([138], dtype=int64), array([104], dtype=int64), array([217], dtype=int64), array([154], dtype=int64), array([61], dtype=int64), array([138], dtype=int64), array([107], dtype=int64), array([129], dtype=int64), array([254], dtype=int64), array([203], dtype=int64), array([192], dtype=int64), array([179], dtype=int64), array([155], dtype=int64), array([196], dtype=int64), array([199], dtype=int64)]}",50.0,46,,0,0
3.0,275,,[196 138 258 196 196 210  47 118],1.6056390622295664,,True,1.920820142511964,2.4056390622295662,1.174495118714609,1.5275252316519468,narrow-puzzle,9,,1.0196,2.452789587849266,2.4056390622295662,"{'rewards': [-0.1, -0.1, -0.1, -0.1, -0.1, -0.1, -0.1, -0.1, 2.4056390622295662], 'action': [array([262], dtype=int64), array([138], dtype=int64), array([258], dtype=int64), array([196], dtype=int64), array([196], dtype=int64), array([210], dtype=int64), array([47], dtype=int64), array([118], dtype=int64), array([196], dtype=int64)]}",0.0,47,,0,0
6.0,290,,[217 196  68 261  47  47  61 104],1.45,,True,1.9535063371109034,2.75,1.2021726576356622,1.224744871391589,narrow-puzzle,14,,1.0198,2.80445,2.75,"{'rewards': [-0.1, -0.1, -0.1, -0.1, -0.1, -0.1, -0.1, -0.1, -0.1, -0.1, -0.1, -0.1, -0.1, 2.75], 'action': [array([81], dtype=int64), array([160], dtype=int64), array([138], dtype=int64), array([104], dtype=int64), array([196], dtype=int64), array([163], dtype=int64), array([61], dtype=int64), array([104], dtype=int64), array([217], dtype=int64), array([196], dtype=int64), array([68], dtype=int64), array([261], dtype=int64), array([47], dtype=int64), array([47], dtype=int64)]}",10.0,48,,0,0
12.0,294,,[ 98 104  44 196 164 129  60 137],2.2,,True,2.4919531412518694,3.0,1.1872040501328789,1.5275252316519468,narrow-puzzle,9,,1.02,3.06,3.0,"{'rewards': [-0.1, -0.1, -0.1, -0.1, -0.1, -0.1, -0.1, -0.1, 3.0], 'action': [array([33], dtype=int64), array([104], dtype=int64), array([44], dtype=int64), array([196], dtype=int64), array([164], dtype=int64), array([129], dtype=int64), array([60], dtype=int64), array([137], dtype=int64), array([98], dtype=int64)]}",50.0,49,,0,0
3.0,300,,[217 258  11 164 192 196  81 240],1.2999999999999996,,True,1.951783895271449,3.0,1.1672111457184386,1.0801234497346435,narrow-puzzle,18,,1.0202,3.0606,3.0,"{'rewards': [-0.1, -0.1, -0.1, -0.1, -0.1, -0.1, -0.1, -0.1, -0.1, -0.1, -0.1, -0.1, -0.1, -0.1, -0.1, -0.1, -0.1, 3.0], 'action': [array([104], dtype=int64), array([85], dtype=int64), array([38], dtype=int64), array([47], dtype=int64), array([163], dtype=int64), array([104], dtype=int64), array([164], dtype=int64), array([205], dtype=int64), array([196], dtype=int64), array([265], dtype=int64), array([11], dtype=int64), array([164], dtype=int64), array([192], dtype=int64), array([196], dtype=int64), array([81], dtype=int64), array([240], dtype=int64), array([217], dtype=int64), array([258], dtype=int64)]}",50.0,50,,0,0
9.0,307,,[196  81 192 254 196 125  47 175],1.2499999999999998,,True,1.8369588658770968,2.75,1.1934192661162766,1.1832159566199232,narrow-puzzle,15,,1.0204,2.8061,2.75,"{'rewards': [-0.1, -0.1, -0.1, -0.1, -0.1, -0.1, -0.1, -0.1, -0.1, -0.1, -0.1, -0.1, -0.1, -0.1, -0.1, 2.75], 'action': [array([138], dtype=int64), array([172], dtype=int64), array([47], dtype=int64), array([108], dtype=int64), array([196], dtype=int64), array([12], dtype=int64), array([138], dtype=int64), array([202], dtype=int64), array([196], dtype=int64), array([81], dtype=int64), array([192], dtype=int64), array([254], dtype=int64), array([196], dtype=int64), array([125], dtype=int64), array([47], dtype=int64), array([175], dtype=int64)]}",10.0,51,,0,0
3.0,314,,[265 108   9  47  81 164 196 203],1.3999999999999997,,True,2.0102263882879434,3.0,1.1721015164727069,1.1114378604524227,narrow-puzzle,17,,1.0206,3.0618,3.0,"{'rewards': [-0.1, -0.1, -0.1, -0.1, -0.1, -0.1, -0.1, -0.1, -0.1, -0.1, -0.1, -0.1, -0.1, -0.1, -0.1, -0.1, 3.0], 'action': [array([138], dtype=int64), array([47], dtype=int64), array([104], dtype=int64), array([108], dtype=int64), array([163], dtype=int64), array([47], dtype=int64), array([104], dtype=int64), array([108], dtype=int64), array([35], dtype=int64), array([108], dtype=int64), array([9], dtype=int64), array([47], dtype=int64), array([81], dtype=int64), array([164], dtype=int64), array([196], dtype=int64), array([203], dtype=int64), array([265], dtype=int64)]}",50.0,52,,0,0
6.0,314,,[231 110  26 151  47  47 192 207],0.8499999999999994,,True,1.6084327281765312,2.75,1.1574381425118256,1.0246950765959597,narrow-puzzle,20,,1.0208,2.8072,2.75,"{'rewards': [-0.1, -0.1, -0.1, -0.1, -0.1, -0.1, -0.1, -0.1, -0.1, -0.1, -0.1, -0.1, -0.1, -0.1, -0.1, -0.1, -0.1, -0.1, -0.1, 2.75], 'action': [array([81], dtype=int64), array([104], dtype=int64), array([242], dtype=int64), array([196], dtype=int64), array([196], dtype=int64), array([108], dtype=int64), array([156], dtype=int64), array([47], dtype=int64), array([164], dtype=int64), array([193], dtype=int64), array([196], dtype=int64), array([155], dtype=int64), array([47], dtype=int64), array([47], dtype=int64), array([192], dtype=int64), array([207], dtype=int64), array([231], dtype=int64), array([110], dtype=int64), array([26], dtype=int64), array([151], dtype=int64)]}",10.0,53,,0,0
12.0,319,,[147 163 196 104 196 138 217 155],1.0499999999999996,,True,1.7219418972854599,2.75,1.2048622114261487,1.1114378604524227,narrow-puzzle,17,,1.021,2.8077499999999995,2.75,"{'rewards': [-0.1, -0.1, -0.1, -0.1, -0.1, -0.1, -0.1, -0.1, -0.1, -0.1, -0.1, -0.1, -0.1, -0.1, -0.1, -0.1, -0.1, 2.75], 'action': [array([47], dtype=int64), array([172], dtype=int64), array([47], dtype=int64), array([104], dtype=int64), array([47], dtype=int64), array([193], dtype=int64), array([225], dtype=int64), array([36], dtype=int64), array([140], dtype=int64), array([108], dtype=int64), array([196], dtype=int64), array([104], dtype=int64), array([196], dtype=int64), array([138], dtype=int64), array([217], dtype=int64), array([155], dtype=int64), array([147], dtype=int64), array([163], dtype=int64)]}",10.0,54,,0,0
3.0,322,,[172 104 265  52 155 196 196 192],1.1499999999999997,,True,1.779260496205483,2.75,1.1918809423065608,1.1114378604524227,narrow-puzzle,17,,1.0211999999999999,2.8082999999999996,2.75,"{'rewards': [-0.1, -0.1, -0.1, -0.1, -0.1, -0.1, -0.1, -0.1, -0.1, -0.1, -0.1, -0.1, -0.1, -0.1, -0.1, -0.1, 2.75], 'action': [array([164], dtype=int64), array([172], dtype=int64), array([258], dtype=int64), array([104], dtype=int64), array([138], dtype=int64), array([104], dtype=int64), array([293], dtype=int64), array([9], dtype=int64), array([127], dtype=int64), array([104], dtype=int64), array([265], dtype=int64), array([52], dtype=int64), array([155], dtype=int64), array([196], dtype=int64), array([196], dtype=int64), array([192], dtype=int64), array([172], dtype=int64)]}",10.0,55,,0,0
6.0,322,,[163  49 144  47  47 110  81 138],0.8499999999999994,,True,1.6084327281765312,2.75,1.1526941734915193,1.0246950765959597,narrow-puzzle,20,,1.0214,2.80885,2.75,"{'rewards': [-0.1, -0.1, -0.1, -0.1, -0.1, -0.1, -0.1, -0.1, -0.1, -0.1, -0.1, -0.1, -0.1, -0.1, -0.1, -0.1, -0.1, -0.1, -0.1, 2.75], 'action': [array([203], dtype=int64), array([84], dtype=int64), array([196], dtype=int64), array([125], dtype=int64), array([192], dtype=int64), array([12], dtype=int64), array([196], dtype=int64), array([47], dtype=int64), array([131], dtype=int64), array([164], dtype=int64), array([278], dtype=int64), array([5], dtype=int64), array([47], dtype=int64), array([110], dtype=int64), array([81], dtype=int64), array([138], dtype=int64), array([163], dtype=int64), array([49], dtype=int64), array([144], dtype=int64), array([47], dtype=int64)]}",10.0,56,,0,0
3.0,328,,[ 47 104 225 108  80  47  81  47],1.1056390622295662,,True,1.630657658531113,2.4056390622295662,1.1864101763660666,1.2709778186044849,narrow-puzzle,13,,1.0216,2.457600865973725,2.4056390622295662,"{'rewards': [-0.1, -0.1, -0.1, -0.1, -0.1, -0.1, -0.1, -0.1, -0.1, -0.1, -0.1, -0.1, -0.1, 2.4056390622295662], 'action': [array([196], dtype=int64), array([104], dtype=int64), array([98], dtype=int64), array([196], dtype=int64), array([205], dtype=int64), array([104], dtype=int64), array([81], dtype=int64), array([47], dtype=int64), array([47], dtype=int64), array([104], dtype=int64), array([225], dtype=int64), array([108], dtype=int64), array([80], dtype=int64), array([47], dtype=int64)]}",0.0,57,,0,0
3.0,329,,[117  11 217 108 196  74 196 129],1.85,,True,2.191285436377427,2.75,1.1881097910139788,1.4491376746189437,narrow-puzzle,10,,1.0218,2.80995,2.75,"{'rewards': [-0.1, -0.1, -0.1, -0.1, -0.1, -0.1, -0.1, -0.1, -0.1, 2.75], 'action': [array([192], dtype=int64), array([192], dtype=int64), array([217], dtype=int64), array([108], dtype=int64), array([196], dtype=int64), array([74], dtype=int64), array([196], dtype=int64), array([129], dtype=int64), array([117], dtype=int64), array([11], dtype=int64)]}",10.0,58,,0,0
12.0,337,,[108  80 203 202 104 138  43 138],1.75,,True,2.1312478018305936,2.75,1.2294041738677806,1.4491376746189437,narrow-puzzle,10,,1.022,2.8105,2.75,"{'rewards': [-0.1, -0.1, -0.1, -0.1, -0.1, -0.1, -0.1, -0.1, -0.1, -0.1, 2.75], 'action': [array([203], dtype=int64), array([80], dtype=int64), array([252], dtype=int64), array([202], dtype=int64), array([104], dtype=int64), array([138], dtype=int64), array([43], dtype=int64), array([138], dtype=int64), array([108], dtype=int64), array([80], dtype=int64), array([203], dtype=int64)]}",10.0,59,,0,0
0.0,338,,[196 244 206  47 155 163 104  47],2.05,,True,2.312564325550234,2.75,1.1493320311794974,1.620185174601965,narrow-puzzle,8,,1.0222,2.81105,2.75,"{'rewards': [-0.1, -0.1, -0.1, -0.1, -0.1, -0.1, -0.1, 2.75], 'action': [array([196], dtype=int64), array([244], dtype=int64), array([206], dtype=int64), array([47], dtype=int64), array([155], dtype=int64), array([163], dtype=int64), array([104], dtype=int64), array([47], dtype=int64)]}",10.0,60,,0,0
3.0,339,,[ 76 238 138 138 172 166 196 153],0.7499999999999996,,True,1.5522365722807292,2.75,1.1908750996762085,1.0246950765959597,narrow-puzzle,20,,1.0224,2.8116,2.75,"{'rewards': [-0.1, -0.1, -0.1, -0.1, -0.1, -0.1, -0.1, -0.1, -0.1, -0.1, -0.1, -0.1, -0.1, -0.1, -0.1, -0.1, -0.1, -0.1, -0.1, -0.1, 2.75], 'action': [array([47], dtype=int64), array([104], dtype=int64), array([138], dtype=int64), array([47], dtype=int64), array([190], dtype=int64), array([47], dtype=int64), array([196], dtype=int64), array([172], dtype=int64), array([203], dtype=int64), array([259], dtype=int64), array([80], dtype=int64), array([289], dtype=int64), array([66], dtype=int64), array([166], dtype=int64), array([196], dtype=int64), array([153], dtype=int64), array([76], dtype=int64), array([238], dtype=int64), array([138], dtype=int64), array([138], dtype=int64), array([172], dtype=int64)]}",10.0,61,,0,0
9.0,341,,[129  61 172 196 165 196   9 242],1.2499999999999998,,True,1.8369588658770968,2.75,1.2118977894902645,1.1456439237389602,narrow-puzzle,16,,1.0226,2.81215,2.75,"{'rewards': [-0.1, -0.1, -0.1, -0.1, -0.1, -0.1, -0.1, -0.1, -0.1, -0.1, -0.1, -0.1, -0.1, -0.1, -0.1, 2.75], 'action': [array([81], dtype=int64), array([104], dtype=int64), array([9], dtype=int64), array([138], dtype=int64), array([164], dtype=int64), array([208], dtype=int64), array([196], dtype=int64), array([202], dtype=int64), array([129], dtype=int64), array([61], dtype=int64), array([172], dtype=int64), array([196], dtype=int64), array([165], dtype=int64), array([196], dtype=int64), array([9], dtype=int64), array([242], dtype=int64)]}",10.0,62,,0,0
21.0,344,,[138 203  14  61 196 138 104 196],1.4000000000000001,,True,1.8349091962365327,2.5,1.1973390822075705,1.381698559415515,narrow-puzzle,11,,1.0228,2.557,2.5,"{'rewards': [-0.1, -0.1, -0.1, -0.1, -0.1, -0.1, -0.1, -0.1, -0.1, -0.1, -0.1, 2.5], 'action': [array([138], dtype=int64), array([57], dtype=int64), array([60], dtype=int64), array([112], dtype=int64), array([196], dtype=int64), array([138], dtype=int64), array([104], dtype=int64), array([196], dtype=int64), array([138], dtype=int64), array([203], dtype=int64), array([14], dtype=int64), array([61], dtype=int64)]}",0.0,63,,0,0
3.0,350,,[282 104 164 202  47  58  47 205],2.05,,True,2.312564325550234,2.75,1.158861037378168,1.620185174601965,narrow-puzzle,8,,1.023,2.8132499999999996,2.75,"{'rewards': [-0.1, -0.1, -0.1, -0.1, -0.1, -0.1, -0.1, 2.75], 'action': [array([282], dtype=int64), array([104], dtype=int64), array([164], dtype=int64), array([202], dtype=int64), array([47], dtype=int64), array([58], dtype=int64), array([47], dtype=int64), array([205], dtype=int64)]}",10.0,64,,0,0
18.0,365,,[156 217  34 105 138 164  84 172],0.7999999999999994,,True,1.6652796201412088,3.0,1.1908750996762085,1.0,narrow-puzzle,21,,1.0231999999999999,3.0695999999999994,3.0,"{'rewards': [-0.1, -0.1, -0.1, -0.1, -0.1, -0.1, -0.1, -0.1, -0.1, -0.1, -0.1, -0.1, -0.1, -0.1, -0.1, -0.1, -0.1, -0.1, -0.1, -0.1, -0.1, -0.1, 3.0], 'action': [array([47], dtype=int64), array([196], dtype=int64), array([104], dtype=int64), array([34], dtype=int64), array([81], dtype=int64), array([165], dtype=int64), array([192], dtype=int64), array([196], dtype=int64), array([47], dtype=int64), array([196], dtype=int64), array([138], dtype=int64), array([192], dtype=int64), array([196], dtype=int64), array([110], dtype=int64), array([80], dtype=int64), array([172], dtype=int64), array([156], dtype=int64), array([217], dtype=int64), array([34], dtype=int64), array([105], dtype=int64), array([138], dtype=int64), array([164], dtype=int64), array([84], dtype=int64)]}",50.0,65,,0,0
3.0,367,,[190 282 138 108  61 217 164 258],0.8999999999999995,,True,1.721828799965464,3.0,1.1661993651944245,1.0,narrow-puzzle,21,,1.0233999999999999,3.0702,3.0,"{'rewards': [-0.1, -0.1, -0.1, -0.1, -0.1, -0.1, -0.1, -0.1, -0.1, -0.1, -0.1, -0.1, -0.1, -0.1, -0.1, -0.1, -0.1, -0.1, -0.1, -0.1, -0.1, 3.0], 'action': [array([196], dtype=int64), array([104], dtype=int64), array([196], dtype=int64), array([47], dtype=int64), array([138], dtype=int64), array([138], dtype=int64), array([196], dtype=int64), array([49], dtype=int64), array([52], dtype=int64), array([5], dtype=int64), array([104], dtype=int64), array([47], dtype=int64), array([66], dtype=int64), array([199], dtype=int64), array([164], dtype=int64), array([258], dtype=int64), array([190], dtype=int64), array([282], dtype=int64), array([138], dtype=int64), array([108], dtype=int64), array([61], dtype=int64), array([217], dtype=int64)]}",50.0,66,,0,0
6.0,370,,[196 213 102 164 196 139 278 104],1.0499999999999996,,True,1.7219418972854599,2.75,1.1540343850333825,1.0801234497346435,narrow-puzzle,18,,1.0236,2.8149,2.75,"{'rewards': [-0.1, -0.1, -0.1, -0.1, -0.1, -0.1, -0.1, -0.1, -0.1, -0.1, -0.1, -0.1, -0.1, -0.1, -0.1, -0.1, -0.1, 2.75], 'action': [array([47], dtype=int64), array([260], dtype=int64), array([225], dtype=int64), array([47], dtype=int64), array([138], dtype=int64), array([81], dtype=int64), array([205], dtype=int64), array([202], dtype=int64), array([60], dtype=int64), array([138], dtype=int64), array([102], dtype=int64), array([164], dtype=int64), array([196], dtype=int64), array([139], dtype=int64), array([278], dtype=int64), array([104], dtype=int64), array([196], dtype=int64), array([213], dtype=int64)]}",10.0,67,,0,0
3.0,375,,[112 164 203 202 196  47 163 195],0.6999999999999993,,True,1.6091007062756386,3.0,1.1568770039998324,1.0,narrow-puzzle,21,,1.0238,3.0714,3.0,"{'rewards': [-0.1, -0.1, -0.1, -0.1, -0.1, -0.1, -0.1, -0.1, -0.1, -0.1, -0.1, -0.1, -0.1, -0.1, -0.1, -0.1, -0.1, -0.1, -0.1, -0.1, -0.1, -0.1, -0.1, 3.0], 'action': [array([104], dtype=int64), array([138], dtype=int64), array([138], dtype=int64), array([51], dtype=int64), array([203], dtype=int64), array([138], dtype=int64), array([103], dtype=int64), array([196], dtype=int64), array([217], dtype=int64), array([164], dtype=int64), array([203], dtype=int64), array([196], dtype=int64), array([258], dtype=int64), array([47], dtype=int64), array([196], dtype=int64), array([156], dtype=int64), array([112], dtype=int64), array([164], dtype=int64), array([203], dtype=int64), array([202], dtype=int64), array([196], dtype=int64), array([47], dtype=int64), array([163], dtype=int64), array([195], dtype=int64)]}",50.0,68,,0,0
3.0,389,,[192 203 155 196  57 258 196   0],0.8499999999999994,,True,1.6084327281765312,2.75,1.184921464041416,1.0246950765959597,narrow-puzzle,20,,1.024,2.816,2.75,"{'rewards': [-0.1, -0.1, -0.1, -0.1, -0.1, -0.1, -0.1, -0.1, -0.1, -0.1, -0.1, -0.1, -0.1, -0.1, -0.1, -0.1, -0.1, -0.1, -0.1, 2.75], 'action': [array([138], dtype=int64), array([192], dtype=int64), array([108], dtype=int64), array([60], dtype=int64), array([9], dtype=int64), array([163], dtype=int64), array([104], dtype=int64), array([206], dtype=int64), array([163], dtype=int64), array([247], dtype=int64), array([150], dtype=int64), array([192], dtype=int64), array([57], dtype=int64), array([258], dtype=int64), array([196], dtype=int64), array([0], dtype=int64), array([192], dtype=int64), array([203], dtype=int64), array([155], dtype=int64), array([196], dtype=int64)]}",10.0,69,,0,0
9.0,407,,[196  47 155 192 199 129 196 150],0.9499999999999995,,True,1.6650002426119415,2.75,1.1611354993273,1.0513149660756935,narrow-puzzle,19,,1.0242,2.81655,2.75,"{'rewards': [-0.1, -0.1, -0.1, -0.1, -0.1, -0.1, -0.1, -0.1, -0.1, -0.1, -0.1, -0.1, -0.1, -0.1, -0.1, -0.1, -0.1, -0.1, 2.75], 'action': [array([190], dtype=int64), array([196], dtype=int64), array([104], dtype=int64), array([104], dtype=int64), array([192], dtype=int64), array([164], dtype=int64), array([217], dtype=int64), array([203], dtype=int64), array([295], dtype=int64), array([73], dtype=int64), array([260], dtype=int64), array([192], dtype=int64), array([199], dtype=int64), array([129], dtype=int64), array([196], dtype=int64), array([150], dtype=int64), array([196], dtype=int64), array([47], dtype=int64), array([155], dtype=int64)]}",10.0,70,,0,0
9.0,407,,[203 258  81  11 108  47  55 203],0.9499999999999995,,True,1.6650002426119415,2.75,1.1702628741327832,1.0513149660756935,narrow-puzzle,19,,1.0244,2.8171,2.75,"{'rewards': [-0.1, -0.1, -0.1, -0.1, -0.1, -0.1, -0.1, -0.1, -0.1, -0.1, -0.1, -0.1, -0.1, -0.1, -0.1, -0.1, -0.1, -0.1, 2.75], 'action': [array([104], dtype=int64), array([196], dtype=int64), array([196], dtype=int64), array([47], dtype=int64), array([138], dtype=int64), array([104], dtype=int64), array([172], dtype=int64), array([282], dtype=int64), array([47], dtype=int64), array([147], dtype=int64), array([192], dtype=int64), array([11], dtype=int64), array([108], dtype=int64), array([47], dtype=int64), array([55], dtype=int64), array([203], dtype=int64), array([203], dtype=int64), array([258], dtype=int64), array([81], dtype=int64)]}",10.0,71,,0,0
3.0,410,,[217  11 196 138 258 172 192 263],1.7,,True,2.187888814309156,3.0,1.1902335223409846,1.224744871391589,narrow-puzzle,14,,1.0246,3.0738,3.0,"{'rewards': [-0.1, -0.1, -0.1, -0.1, -0.1, -0.1, -0.1, -0.1, -0.1, -0.1, -0.1, -0.1, -0.1, 3.0], 'action': [array([231], dtype=int64), array([79], dtype=int64), array([163], dtype=int64), array([209], dtype=int64), array([126], dtype=int64), array([138], dtype=int64), array([192], dtype=int64), array([263], dtype=int64), array([217], dtype=int64), array([11], dtype=int64), array([196], dtype=int64), array([138], dtype=int64), array([258], dtype=int64), array([172], dtype=int64)]}",50.0,72,,0,0
0.0,413,,[138  81 205 138 192  47 258 138],1.7056390622295663,,True,1.9800179571184482,2.4056390622295662,1.1700480258142856,1.620185174601965,narrow-puzzle,8,,1.0248,2.465298910972859,2.4056390622295662,"{'rewards': [-0.1, -0.1, -0.1, -0.1, -0.1, -0.1, -0.1, 2.4056390622295662], 'action': [array([138], dtype=int64), array([81], dtype=int64), array([205], dtype=int64), array([138], dtype=int64), array([192], dtype=int64), array([47], dtype=int64), array([258], dtype=int64), array([138], dtype=int64)]}",0.0,73,,0,0
6.0,429,,[ 47 104  81 203  47  47 203 108],1.4556390622295663,,True,1.7385951272056985,2.1556390622295662,1.156226873107587,1.620185174601965,narrow-puzzle,8,,1.025,2.209530038785305,2.1556390622295662,"{'rewards': [-0.1, -0.1, -0.1, -0.1, -0.1, -0.1, -0.1, 2.1556390622295662], 'action': [array([47], dtype=int64), array([104], dtype=int64), array([81], dtype=int64), array([203], dtype=int64), array([47], dtype=int64), array([47], dtype=int64), array([203], dtype=int64), array([108], dtype=int64)]}",0.0,74,,0,0
3.0,430,,[ 47 190 217 172 164  77 299 138],0.8999999999999995,,True,1.721828799965464,3.0,1.1598538454007588,1.0,narrow-puzzle,21,,1.0252,3.0755999999999997,3.0,"{'rewards': [-0.1, -0.1, -0.1, -0.1, -0.1, -0.1, -0.1, -0.1, -0.1, -0.1, -0.1, -0.1, -0.1, -0.1, -0.1, -0.1, -0.1, -0.1, -0.1, -0.1, -0.1, 3.0], 'action': [array([196], dtype=int64), array([199], dtype=int64), array([289], dtype=int64), array([165], dtype=int64), array([81], dtype=int64), array([47], dtype=int64), array([192], dtype=int64), array([61], dtype=int64), array([118], dtype=int64), array([138], dtype=int64), array([138], dtype=int64), array([172], dtype=int64), array([47], dtype=int64), array([238], dtype=int64), array([299], dtype=int64), array([138], dtype=int64), array([47], dtype=int64), array([190], dtype=int64), array([217], dtype=int64), array([172], dtype=int64), array([164], dtype=int64), array([77], dtype=int64)]}",50.0,75,,0,0
15.0,430,,[104  96 118  44  92 138 196 278],1.0999999999999994,,True,1.8360490561799925,3.0,1.2100013501037477,1.0246950765959597,narrow-puzzle,20,,1.0253999999999999,3.0761999999999996,3.0,"{'rewards': [-0.1, -0.1, -0.1, -0.1, -0.1, -0.1, -0.1, -0.1, -0.1, -0.1, -0.1, -0.1, -0.1, -0.1, -0.1, -0.1, -0.1, -0.1, -0.1, 3.0], 'action': [array([258], dtype=int64), array([104], dtype=int64), array([155], dtype=int64), array([164], dtype=int64), array([104], dtype=int64), array([49], dtype=int64), array([9], dtype=int64), array([47], dtype=int64), array([60], dtype=int64), array([105], dtype=int64), array([205], dtype=int64), array([172], dtype=int64), array([92], dtype=int64), array([138], dtype=int64), array([196], dtype=int64), array([278], dtype=int64), array([104], dtype=int64), array([96], dtype=int64), array([118], dtype=int64), array([44], dtype=int64)]}",50.0,76,,0,0
3.0,444,,[290 154 163 138 138  11 202  47],0.9499999999999995,,True,1.6650002426119415,2.75,1.1799301652593457,1.0801234497346435,narrow-puzzle,18,,1.0255999999999998,2.8203999999999994,2.75,"{'rewards': [-0.1, -0.1, -0.1, -0.1, -0.1, -0.1, -0.1, -0.1, -0.1, -0.1, -0.1, -0.1, -0.1, -0.1, -0.1, -0.1, -0.1, -0.1, 2.75], 'action': [array([156], dtype=int64), array([61], dtype=int64), array([205], dtype=int64), array([47], dtype=int64), array([47], dtype=int64), array([104], dtype=int64), array([108], dtype=int64), array([47], dtype=int64), array([217], dtype=int64), array([199], dtype=int64), array([172], dtype=int64), array([138], dtype=int64), array([138], dtype=int64), array([11], dtype=int64), array([202], dtype=int64), array([47], dtype=int64), array([290], dtype=int64), array([154], dtype=int64), array([163], dtype=int64)]}",10.0,77,,0,0
9.0,447,,[ 47 102  74 138 196 192 135 164],2.0,,True,2.369115405788056,3.0,1.1786187910689736,1.381698559415515,narrow-puzzle,11,,1.0258,3.0774,3.0,"{'rewards': [-0.1, -0.1, -0.1, -0.1, -0.1, -0.1, -0.1, -0.1, -0.1, -0.1, 3.0], 'action': [array([196], dtype=int64), array([81], dtype=int64), array([9], dtype=int64), array([138], dtype=int64), array([196], dtype=int64), array([192], dtype=int64), array([135], dtype=int64), array([164], dtype=int64), array([47], dtype=int64), array([102], dtype=int64), array([74], dtype=int64)]}",50.0,78,,0,0
6.0,447,,[255 199   5 192 164 172  47 196],1.8,,True,2.2478977001032003,3.0,1.167399162618822,1.2709778186044849,narrow-puzzle,13,,1.026,3.0780000000000003,3.0,"{'rewards': [-0.1, -0.1, -0.1, -0.1, -0.1, -0.1, -0.1, -0.1, -0.1, -0.1, -0.1, -0.1, 3.0], 'action': [array([138], dtype=int64), array([38], dtype=int64), array([290], dtype=int64), array([190], dtype=int64), array([202], dtype=int64), array([172], dtype=int64), array([47], dtype=int64), array([196], dtype=int64), array([255], dtype=int64), array([199], dtype=int64), array([5], dtype=int64), array([192], dtype=int64), array([164], dtype=int64)]}",50.0,79,,0,0
3.0,450,,[172 202 255 192   9 196 217 103],1.5999999999999999,,True,2.128275931088327,3.0,1.2039157653949104,1.1832159566199232,narrow-puzzle,15,,1.0262,3.0786,3.0,"{'rewards': [-0.1, -0.1, -0.1, -0.1, -0.1, -0.1, -0.1, -0.1, -0.1, -0.1, -0.1, -0.1, -0.1, -0.1, 3.0], 'action': [array([155], dtype=int64), array([47], dtype=int64), array([228], dtype=int64), array([104], dtype=int64), array([47], dtype=int64), array([47], dtype=int64), array([172], dtype=int64), array([103], dtype=int64), array([172], dtype=int64), array([202], dtype=int64), array([255], dtype=int64), array([192], dtype=int64), array([9], dtype=int64), array([196], dtype=int64), array([217], dtype=int64)]}",50.0,80,,0,0
6.0,457,,[192 196 151 217 151 172 202 239],1.1499999999999997,,True,1.779260496205483,2.75,1.1811499133777108,1.224744871391589,narrow-puzzle,14,,1.0264,2.8226,2.75,"{'rewards': [-0.1, -0.1, -0.1, -0.1, -0.1, -0.1, -0.1, -0.1, -0.1, -0.1, -0.1, -0.1, -0.1, -0.1, -0.1, -0.1, 2.75], 'action': [array([104], dtype=int64), array([196], dtype=int64), array([80], dtype=int64), array([104], dtype=int64), array([258], dtype=int64), array([172], dtype=int64), array([203], dtype=int64), array([278], dtype=int64), array([104], dtype=int64), array([196], dtype=int64), array([151], dtype=int64), array([217], dtype=int64), array([151], dtype=int64), array([172], dtype=int64), array([202], dtype=int64), array([239], dtype=int64), array([192], dtype=int64)]}",10.0,81,,0,0
6.0,458,,[ 61 104 196 192 205 138  57 164],2.2,,True,2.4919531412518694,3.0,1.1757325594512975,1.5275252316519468,narrow-puzzle,9,,1.0266,3.0797999999999996,3.0,"{'rewards': [-0.1, -0.1, -0.1, -0.1, -0.1, -0.1, -0.1, -0.1, 3.0], 'action': [array([196], dtype=int64), array([104], dtype=int64), array([196], dtype=int64), array([192], dtype=int64), array([205], dtype=int64), array([138], dtype=int64), array([57], dtype=int64), array([164], dtype=int64), array([61], dtype=int64)]}",50.0,82,,0,0
6.0,461,,[146  34 271   9 102  70 138  81],1.4999999999999998,,True,2.0690560985413535,3.0,1.1792437897804007,1.1832159566199232,narrow-puzzle,15,,1.0268,3.0804,3.0,"{'rewards': [-0.1, -0.1, -0.1, -0.1, -0.1, -0.1, -0.1, -0.1, -0.1, -0.1, -0.1, -0.1, -0.1, -0.1, -0.1, 3.0], 'action': [array([203], dtype=int64), array([104], dtype=int64), array([104], dtype=int64), array([238], dtype=int64), array([203], dtype=int64), array([164], dtype=int64), array([138], dtype=int64), array([47], dtype=int64), array([146], dtype=int64), array([34], dtype=int64), array([271], dtype=int64), array([9], dtype=int64), array([102], dtype=int64), array([70], dtype=int64), array([138], dtype=int64), array([81], dtype=int64)]}",50.0,83,,0,0
3.0,466,,[164 203 104 203 131  31 280 202],1.3499999999999999,,True,1.8950398554904744,2.75,1.1916159277678091,1.224744871391589,narrow-puzzle,14,,1.027,2.8242499999999997,2.75,"{'rewards': [-0.1, -0.1, -0.1, -0.1, -0.1, -0.1, -0.1, -0.1, -0.1, -0.1, -0.1, -0.1, -0.1, -0.1, 2.75], 'action': [array([164], dtype=int64), array([190], dtype=int64), array([81], dtype=int64), array([138], dtype=int64), array([169], dtype=int64), array([9], dtype=int64), array([47], dtype=int64), array([202], dtype=int64), array([164], dtype=int64), array([203], dtype=int64), array([104], dtype=int64), array([203], dtype=int64), array([131], dtype=int64), array([31], dtype=int64), array([280], dtype=int64)]}",10.0,84,,0,0
0.0,495,,[138 138 192 104 205  61  47 164],2.05,,True,2.312564325550234,2.75,1.1635270252869083,1.620185174601965,narrow-puzzle,8,,1.0272,2.8247999999999998,2.75,"{'rewards': [-0.1, -0.1, -0.1, -0.1, -0.1, -0.1, -0.1, 2.75], 'action': [array([138], dtype=int64), array([138], dtype=int64), array([192], dtype=int64), array([104], dtype=int64), array([205], dtype=int64), array([61], dtype=int64), array([47], dtype=int64), array([164], dtype=int64)]}",10.0,85,,0,0
3.0,495,,[235 110 175  98  61 196 138 226],1.7,,True,2.187888814309156,3.0,1.2008287606767019,1.224744871391589,narrow-puzzle,14,,1.0273999999999999,3.0821999999999994,3.0,"{'rewards': [-0.1, -0.1, -0.1, -0.1, -0.1, -0.1, -0.1, -0.1, -0.1, -0.1, -0.1, -0.1, -0.1, 3.0], 'action': [array([287], dtype=int64), array([14], dtype=int64), array([104], dtype=int64), array([28], dtype=int64), array([203], dtype=int64), array([104], dtype=int64), array([138], dtype=int64), array([226], dtype=int64), array([235], dtype=int64), array([110], dtype=int64), array([175], dtype=int64), array([98], dtype=int64), array([61], dtype=int64), array([196], dtype=int64)]}",50.0,86,,0,0
3.0,498,,[104  30 183 172  18  80 203 236],1.0999999999999994,,True,1.8360490561799925,3.0,1.2285328179770694,1.0246950765959597,narrow-puzzle,20,,1.0275999999999998,3.0827999999999998,3.0,"{'rewards': [-0.1, -0.1, -0.1, -0.1, -0.1, -0.1, -0.1, -0.1, -0.1, -0.1, -0.1, -0.1, -0.1, -0.1, -0.1, -0.1, -0.1, -0.1, -0.1, 3.0], 'action': [array([104], dtype=int64), array([125], dtype=int64), array([199], dtype=int64), array([138], dtype=int64), array([172], dtype=int64), array([150], dtype=int64), array([47], dtype=int64), array([196], dtype=int64), array([196], dtype=int64), array([138], dtype=int64), array([11], dtype=int64), array([83], dtype=int64), array([18], dtype=int64), array([80], dtype=int64), array([203], dtype=int64), array([236], dtype=int64), array([104], dtype=int64), array([30], dtype=int64), array([183], dtype=int64), array([172], dtype=int64)]}",50.0,87,,0,0
9.0,512,,[169 206 203  73  61 172 217 283],0.9999999999999996,,True,1.778751014874469,3.0,1.1881351358783303,1.0,narrow-puzzle,21,,1.0278,3.0834,3.0,"{'rewards': [-0.1, -0.1, -0.1, -0.1, -0.1, -0.1, -0.1, -0.1, -0.1, -0.1, -0.1, -0.1, -0.1, -0.1, -0.1, -0.1, -0.1, -0.1, -0.1, -0.1, 3.0], 'action': [array([202], dtype=int64), array([108], dtype=int64), array([104], dtype=int64), array([192], dtype=int64), array([104], dtype=int64), array([68], dtype=int64), array([196], dtype=int64), array([116], dtype=int64), array([39], dtype=int64), array([81], dtype=int64), array([138], dtype=int64), array([262], dtype=int64), array([102], dtype=int64), array([172], dtype=int64), array([217], dtype=int64), array([283], dtype=int64), array([169], dtype=int64), array([206], dtype=int64), array([203], dtype=int64), array([73], dtype=int64), array([61], dtype=int64)]}",50.0,88,,0,0
3.0,512,,[155  16 164 206 210 203  93  96],1.5999999999999999,,True,2.128275931088327,3.0,1.1812583041314837,1.1832159566199232,narrow-puzzle,15,,1.028,3.084,3.0,"{'rewards': [-0.1, -0.1, -0.1, -0.1, -0.1, -0.1, -0.1, -0.1, -0.1, -0.1, -0.1, -0.1, -0.1, -0.1, 3.0], 'action': [array([205], dtype=int64), array([138], dtype=int64), array([47], dtype=int64), array([47], dtype=int64), array([138], dtype=int64), array([81], dtype=int64), array([172], dtype=int64), array([96], dtype=int64), array([155], dtype=int64), array([16], dtype=int64), array([164], dtype=int64), array([206], dtype=int64), array([210], dtype=int64), array([203], dtype=int64), array([93], dtype=int64)]}",50.0,89,,0,0
3.0,517,,[278 290 225 163 147 138 129  61],1.8,,True,2.2478977001032003,3.0,1.1754830031007548,1.2709778186044849,narrow-puzzle,13,,1.0282,3.0846,3.0,"{'rewards': [-0.1, -0.1, -0.1, -0.1, -0.1, -0.1, -0.1, -0.1, -0.1, -0.1, -0.1, -0.1, 3.0], 'action': [array([61], dtype=int64), array([104], dtype=int64), array([138], dtype=int64), array([104], dtype=int64), array([9], dtype=int64), array([138], dtype=int64), array([129], dtype=int64), array([61], dtype=int64), array([278], dtype=int64), array([290], dtype=int64), array([225], dtype=int64), array([163], dtype=int64), array([147], dtype=int64)]}",50.0,90,,0,0
3.0,518,,[192  81 138 205 129 138 196 104],2.05,,True,2.312564325550234,2.75,1.178273126049243,1.620185174601965,narrow-puzzle,8,,1.0284,2.8281,2.75,"{'rewards': [-0.1, -0.1, -0.1, -0.1, -0.1, -0.1, -0.1, 2.75], 'action': [array([192], dtype=int64), array([81], dtype=int64), array([138], dtype=int64), array([205], dtype=int64), array([129], dtype=int64), array([138], dtype=int64), array([196], dtype=int64), array([104], dtype=int64)]}",10.0,91,,0,0
6.0,522,,[242 202  47 290 196 205 164 203],1.3999999999999997,,True,2.0102263882879434,3.0,1.1578772590298305,1.1114378604524227,narrow-puzzle,17,,1.0286,3.0858,3.0,"{'rewards': [-0.1, -0.1, -0.1, -0.1, -0.1, -0.1, -0.1, -0.1, -0.1, -0.1, -0.1, -0.1, -0.1, -0.1, -0.1, -0.1, 3.0], 'action': [array([164], dtype=int64), array([47], dtype=int64), array([104], dtype=int64), array([67], dtype=int64), array([104], dtype=int64), array([60], dtype=int64), array([104], dtype=int64), array([47], dtype=int64), array([104], dtype=int64), array([202], dtype=int64), array([47], dtype=int64), array([290], dtype=int64), array([196], dtype=int64), array([205], dtype=int64), array([164], dtype=int64), array([203], dtype=int64), array([242], dtype=int64)]}",50.0,92,,0,0
6.0,522,,[ 80 196  74 252 164 104  47 108],1.5999999999999999,,True,2.128275931088327,3.0,1.1932346007413763,1.1832159566199232,narrow-puzzle,15,,1.0288,3.0864,3.0,"{'rewards': [-0.1, -0.1, -0.1, -0.1, -0.1, -0.1, -0.1, -0.1, -0.1, -0.1, -0.1, -0.1, -0.1, -0.1, 3.0], 'action': [array([22], dtype=int64), array([172], dtype=int64), array([104], dtype=int64), array([60], dtype=int64), array([104], dtype=int64), array([138], dtype=int64), array([163], dtype=int64), array([108], dtype=int64), array([80], dtype=int64), array([196], dtype=int64), array([74], dtype=int64), array([252], dtype=int64), array([164], dtype=int64), array([104], dtype=int64), array([47], dtype=int64)]}",50.0,93,,0,0
0.0,540,,[ 47 228 196 196  26 202 138 164],2.05,,True,2.312564325550234,2.75,1.1619522318634128,1.620185174601965,narrow-puzzle,8,,1.029,2.8297499999999998,2.75,"{'rewards': [-0.1, -0.1, -0.1, -0.1, -0.1, -0.1, -0.1, 2.75], 'action': [array([47], dtype=int64), array([228], dtype=int64), array([196], dtype=int64), array([196], dtype=int64), array([26], dtype=int64), array([202], dtype=int64), array([138], dtype=int64), array([164], dtype=int64)]}",10.0,94,,0,0
3.0,555,,[190 192 172  47 196  81 196 104],0.9499999999999995,,True,1.6650002426119415,2.75,1.1416269816992584,1.0513149660756935,narrow-puzzle,19,,1.0292,2.8303,2.75,"{'rewards': [-0.1, -0.1, -0.1, -0.1, -0.1, -0.1, -0.1, -0.1, -0.1, -0.1, -0.1, -0.1, -0.1, -0.1, -0.1, -0.1, -0.1, -0.1, 2.75], 'action': [array([47], dtype=int64), array([104], dtype=int64), array([104], dtype=int64), array([138], dtype=int64), array([192], dtype=int64), array([11], dtype=int64), array([95], dtype=int64), array([192], dtype=int64), array([192], dtype=int64), array([83], dtype=int64), array([196], dtype=int64), array([47], dtype=int64), array([196], dtype=int64), array([81], dtype=int64), array([196], dtype=int64), array([104], dtype=int64), array([190], dtype=int64), array([192], dtype=int64), array([172], dtype=int64)]}",10.0,95,,0,0
3.0,563,,[150 196  22 156  47 207 196 169],1.6500000000000001,,True,2.071607380161263,2.75,1.1863028715743293,1.3228756555322954,narrow-puzzle,12,,1.0293999999999999,2.83085,2.75,"{'rewards': [-0.1, -0.1, -0.1, -0.1, -0.1, -0.1, -0.1, -0.1, -0.1, -0.1, -0.1, 2.75], 'action': [array([47], dtype=int64), array([75], dtype=int64), array([104], dtype=int64), array([138], dtype=int64), array([47], dtype=int64), array([207], dtype=int64), array([196], dtype=int64), array([169], dtype=int64), array([150], dtype=int64), array([196], dtype=int64), array([22], dtype=int64), array([156], dtype=int64)]}",10.0,96,,0,0
9.0,566,,[202 217 138  77 164 172 104  47],0.7999999999999994,,True,1.6652796201412088,3.0,1.1976317388388322,1.0,narrow-puzzle,21,,1.0295999999999998,3.0887999999999995,3.0,"{'rewards': [-0.1, -0.1, -0.1, -0.1, -0.1, -0.1, -0.1, -0.1, -0.1, -0.1, -0.1, -0.1, -0.1, -0.1, -0.1, -0.1, -0.1, -0.1, -0.1, -0.1, -0.1, -0.1, 3.0], 'action': [array([138], dtype=int64), array([104], dtype=int64), array([217], dtype=int64), array([196], dtype=int64), array([104], dtype=int64), array([138], dtype=int64), array([196], dtype=int64), array([47], dtype=int64), array([196], dtype=int64), array([35], dtype=int64), array([264], dtype=int64), array([47], dtype=int64), array([172], dtype=int64), array([138], dtype=int64), array([81], dtype=int64), array([47], dtype=int64), array([202], dtype=int64), array([217], dtype=int64), array([138], dtype=int64), array([77], dtype=int64), array([164], dtype=int64), array([172], dtype=int64), array([104], dtype=int64)]}",50.0,97,,0,0
14.0,567,,[196 258 257 129 196  81 138 108],0.6499999999999995,,True,1.4964090153507434,2.75,1.1795692511376286,1.0,narrow-puzzle,21,,1.0297999999999998,2.8319499999999995,2.75,"{'rewards': [-0.1, -0.1, -0.1, -0.1, -0.1, -0.1, -0.1, -0.1, -0.1, -0.1, -0.1, -0.1, -0.1, -0.1, -0.1, -0.1, -0.1, -0.1, -0.1, -0.1, -0.1, 2.75], 'action': [array([138], dtype=int64), array([199], dtype=int64), array([138], dtype=int64), array([98], dtype=int64), array([192], dtype=int64), array([192], dtype=int64), array([192], dtype=int64), array([47], dtype=int64), array([4], dtype=int64), array([285], dtype=int64), array([138], dtype=int64), array([196], dtype=int64), array([226], dtype=int64), array([39], dtype=int64), array([138], dtype=int64), array([108], dtype=int64), array([196], dtype=int64), array([258], dtype=int64), array([257], dtype=int64), array([129], dtype=int64), array([196], dtype=int64), array([81], dtype=int64)]}",10.0,98,,0,0
0.0,574,,[ 85 278  81 129 108 104  60 138],2.3,,True,2.553987155462983,3.0,1.196477198829938,1.620185174601965,narrow-puzzle,8,,1.03,3.09,3.0,"{'rewards': [-0.1, -0.1, -0.1, -0.1, -0.1, -0.1, -0.1, 3.0], 'action': [array([85], dtype=int64), array([278], dtype=int64), array([81], dtype=int64), array([129], dtype=int64), array([108], dtype=int64), array([104], dtype=int64), array([60], dtype=int64), array([138], dtype=int64)]}",50.0,99,,0,0
3.0,574,,[163  47  81 138 196 221 104 196],1.45,,True,1.9535063371109034,2.75,1.1676541722584568,1.224744871391589,narrow-puzzle,14,,1.0302,2.83305,2.75,"{'rewards': [-0.1, -0.1, -0.1, -0.1, -0.1, -0.1, -0.1, -0.1, -0.1, -0.1, -0.1, -0.1, -0.1, 2.75], 'action': [array([138], dtype=int64), array([81], dtype=int64), array([138], dtype=int64), array([47], dtype=int64), array([138], dtype=int64), array([104], dtype=int64), array([104], dtype=int64), array([196], dtype=int64), array([163], dtype=int64), array([47], dtype=int64), array([81], dtype=int64), array([138], dtype=int64), array([196], dtype=int64), array([221], dtype=int64)]}",10.0,100,,0,0
18.0,580,,[ 81 282  34 203  73  68 203 278],1.1499999999999997,,True,1.779260496205483,2.75,1.1954467923600889,1.1114378604524227,narrow-puzzle,17,,1.0304,2.8336,2.75,"{'rewards': [-0.1, -0.1, -0.1, -0.1, -0.1, -0.1, -0.1, -0.1, -0.1, -0.1, -0.1, -0.1, -0.1, -0.1, -0.1, -0.1, 2.75], 'action': [array([277], dtype=int64), array([196], dtype=int64), array([44], dtype=int64), array([47], dtype=int64), array([138], dtype=int64), array([11], dtype=int64), array([47], dtype=int64), array([115], dtype=int64), array([196], dtype=int64), array([282], dtype=int64), array([34], dtype=int64), array([203], dtype=int64), array([73], dtype=int64), array([68], dtype=int64), array([203], dtype=int64), array([278], dtype=int64), array([81], dtype=int64)]}",10.0,101,,0,0
3.0,589,,[202 138 196 104 192  47 293 196],0.8499999999999994,,True,1.6084327281765312,2.75,1.207101450079589,1.0801234497346435,narrow-puzzle,18,,1.0306,2.8341499999999997,2.75,"{'rewards': [-0.1, -0.1, -0.1, -0.1, -0.1, -0.1, -0.1, -0.1, -0.1, -0.1, -0.1, -0.1, -0.1, -0.1, -0.1, -0.1, -0.1, -0.1, -0.1, 2.75], 'action': [array([104], dtype=int64), array([4], dtype=int64), array([104], dtype=int64), array([138], dtype=int64), array([104], dtype=int64), array([47], dtype=int64), array([196], dtype=int64), array([47], dtype=int64), array([61], dtype=int64), array([108], dtype=int64), array([192], dtype=int64), array([138], dtype=int64), array([192], dtype=int64), array([47], dtype=int64), array([293], dtype=int64), array([196], dtype=int64), array([202], dtype=int64), array([138], dtype=int64), array([196], dtype=int64), array([104], dtype=int64)]}",10.0,102,,0,0
6.0,589,,[  9 163 138 138  81 203 190  47],1.9500000000000002,,True,2.2517232731508723,2.75,1.1548605442300717,1.5275252316519468,narrow-puzzle,9,,1.0308,2.8346999999999998,2.75,"{'rewards': [-0.1, -0.1, -0.1, -0.1, -0.1, -0.1, -0.1, -0.1, 2.75], 'action': [array([172], dtype=int64), array([163], dtype=int64), array([138], dtype=int64), array([138], dtype=int64), array([81], dtype=int64), array([203], dtype=int64), array([190], dtype=int64), array([47], dtype=int64), array([9], dtype=int64)]}",10.0,103,,0,0
3.0,600,,[196 190 205 213 196 242 258  11],0.7499999999999996,,True,1.5522365722807292,2.75,1.1672816751832253,1.0,narrow-puzzle,21,,1.031,2.83525,2.75,"{'rewards': [-0.1, -0.1, -0.1, -0.1, -0.1, -0.1, -0.1, -0.1, -0.1, -0.1, -0.1, -0.1, -0.1, -0.1, -0.1, -0.1, -0.1, -0.1, -0.1, -0.1, 2.75], 'action': [array([104], dtype=int64), array([213], dtype=int64), array([104], dtype=int64), array([138], dtype=int64), array([18], dtype=int64), array([138], dtype=int64), array([138], dtype=int64), array([47], dtype=int64), array([9], dtype=int64), array([172], dtype=int64), array([47], dtype=int64), array([199], dtype=int64), array([238], dtype=int64), array([242], dtype=int64), array([258], dtype=int64), array([11], dtype=int64), array([196], dtype=int64), array([190], dtype=int64), array([205], dtype=int64), array([213], dtype=int64), array([196], dtype=int64)]}",10.0,104,,0,0
3.0,607,,[196 236  47 293 256  47 164 138],0.8499999999999994,,True,1.6084327281765312,2.75,1.172411398896876,1.0513149660756935,narrow-puzzle,19,,1.0312,2.8358,2.75,"{'rewards': [-0.1, -0.1, -0.1, -0.1, -0.1, -0.1, -0.1, -0.1, -0.1, -0.1, -0.1, -0.1, -0.1, -0.1, -0.1, -0.1, -0.1, -0.1, -0.1, 2.75], 'action': [array([138], dtype=int64), array([138], dtype=int64), array([196], dtype=int64), array([118], dtype=int64), array([47], dtype=int64), array([164], dtype=int64), array([138], dtype=int64), array([217], dtype=int64), array([11], dtype=int64), array([61], dtype=int64), array([196], dtype=int64), array([108], dtype=int64), array([256], dtype=int64), array([47], dtype=int64), array([164], dtype=int64), array([138], dtype=int64), array([196], dtype=int64), array([236], dtype=int64), array([47], dtype=int64), array([293], dtype=int64)]}",10.0,105,,0,0
6.0,611,,[ 98  80 155 164   0 164 249  50],0.9499999999999995,,True,1.6650002426119415,2.75,1.2150760164649597,1.0513149660756935,narrow-puzzle,19,,1.0313999999999999,2.8363499999999995,2.75,"{'rewards': [-0.1, -0.1, -0.1, -0.1, -0.1, -0.1, -0.1, -0.1, -0.1, -0.1, -0.1, -0.1, -0.1, -0.1, -0.1, -0.1, -0.1, -0.1, 2.75], 'action': [array([196], dtype=int64), array([104], dtype=int64), array([104], dtype=int64), array([242], dtype=int64), array([138], dtype=int64), array([163], dtype=int64), array([164], dtype=int64), array([203], dtype=int64), array([182], dtype=int64), array([47], dtype=int64), array([47], dtype=int64), array([164], dtype=int64), array([0], dtype=int64), array([164], dtype=int64), array([249], dtype=int64), array([50], dtype=int64), array([98], dtype=int64), array([80], dtype=int64), array([155], dtype=int64)]}",10.0,106,,0,0
12.0,612,,[202 129  47 129 196  47  44 193],1.2,,True,1.7191238599126504,2.5,1.1448670008876825,1.224744871391589,narrow-puzzle,14,,1.0315999999999999,2.5789999999999997,2.5,"{'rewards': [-0.1, -0.1, -0.1, -0.1, -0.1, -0.1, -0.1, -0.1, -0.1, -0.1, -0.1, -0.1, -0.1, 2.5], 'action': [array([104], dtype=int64), array([104], dtype=int64), array([192], dtype=int64), array([138], dtype=int64), array([164], dtype=int64), array([108], dtype=int64), array([44], dtype=int64), array([193], dtype=int64), array([202], dtype=int64), array([129], dtype=int64), array([47], dtype=int64), array([129], dtype=int64), array([196], dtype=int64), array([47], dtype=int64)]}",0.0,107,,0,0
6.0,618,,[254 138 258 192 157 196  81 196],1.6500000000000001,,True,2.071607380161263,2.75,1.1957766329501627,1.3228756555322954,narrow-puzzle,12,,1.0317999999999998,2.8374499999999996,2.75,"{'rewards': [-0.1, -0.1, -0.1, -0.1, -0.1, -0.1, -0.1, -0.1, -0.1, -0.1, -0.1, 2.75], 'action': [array([282], dtype=int64), array([150], dtype=int64), array([104], dtype=int64), array([104], dtype=int64), array([157], dtype=int64), array([196], dtype=int64), array([81], dtype=int64), array([196], dtype=int64), array([254], dtype=int64), array([138], dtype=int64), array([258], dtype=int64), array([192], dtype=int64)]}",10.0,108,,0,0
3.0,631,,[155 265 104 192 172 138 196 265],0.9499999999999995,,True,1.6650002426119415,2.75,1.1928715414491295,1.0801234497346435,narrow-puzzle,18,,1.032,2.838,2.75,"{'rewards': [-0.1, -0.1, -0.1, -0.1, -0.1, -0.1, -0.1, -0.1, -0.1, -0.1, -0.1, -0.1, -0.1, -0.1, -0.1, -0.1, -0.1, -0.1, 2.75], 'action': [array([47], dtype=int64), array([60], dtype=int64), array([47], dtype=int64), array([138], dtype=int64), array([164], dtype=int64), array([138], dtype=int64), array([58], dtype=int64), array([133], dtype=int64), array([157], dtype=int64), array([217], dtype=int64), array([196], dtype=int64), array([192], dtype=int64), array([172], dtype=int64), array([138], dtype=int64), array([196], dtype=int64), array([265], dtype=int64), array([155], dtype=int64), array([265], dtype=int64), array([104], dtype=int64)]}",10.0,109,,0,0
6.0,650,,[217  68 196 196 164 138 258 236],1.0499999999999996,,True,1.7219418972854599,2.75,1.19248327884038,1.1114378604524227,narrow-puzzle,17,,1.0322,2.83855,2.75,"{'rewards': [-0.1, -0.1, -0.1, -0.1, -0.1, -0.1, -0.1, -0.1, -0.1, -0.1, -0.1, -0.1, -0.1, -0.1, -0.1, -0.1, -0.1, 2.75], 'action': [array([138], dtype=int64), array([47], dtype=int64), array([138], dtype=int64), array([138], dtype=int64), array([11], dtype=int64), array([104], dtype=int64), array([5], dtype=int64), array([47], dtype=int64), array([138], dtype=int64), array([129], dtype=int64), array([196], dtype=int64), array([196], dtype=int64), array([164], dtype=int64), array([138], dtype=int64), array([258], dtype=int64), array([236], dtype=int64), array([217], dtype=int64), array([68], dtype=int64)]}",10.0,110,,0,0
5.0,650,,[ 47  61 138  12 192 205   9 129],1.9000000000000001,,True,2.3083055640859937,3.0,1.175109717378095,1.3228756555322954,narrow-puzzle,12,,1.0324,3.0972,3.0,"{'rewards': [-0.1, -0.1, -0.1, -0.1, -0.1, -0.1, -0.1, -0.1, -0.1, -0.1, -0.1, 3.0], 'action': [array([196], dtype=int64), array([105], dtype=int64), array([203], dtype=int64), array([47], dtype=int64), array([192], dtype=int64), array([205], dtype=int64), array([9], dtype=int64), array([129], dtype=int64), array([47], dtype=int64), array([61], dtype=int64), array([138], dtype=int64), array([12], dtype=int64)]}",50.0,111,,0,0
6.0,659,,[ 19  58 138 196 258  81  30 150],1.1999999999999995,,True,1.8937257375651166,3.0,1.1962064223327546,1.0513149660756935,narrow-puzzle,19,,1.0326,3.0978,3.0,"{'rewards': [-0.1, -0.1, -0.1, -0.1, -0.1, -0.1, -0.1, -0.1, -0.1, -0.1, -0.1, -0.1, -0.1, -0.1, -0.1, -0.1, -0.1, -0.1, 3.0], 'action': [array([172], dtype=int64), array([104], dtype=int64), array([196], dtype=int64), array([47], dtype=int64), array([138], dtype=int64), array([106], dtype=int64), array([164], dtype=int64), array([84], dtype=int64), array([132], dtype=int64), array([192], dtype=int64), array([61], dtype=int64), array([196], dtype=int64), array([258], dtype=int64), array([81], dtype=int64), array([30], dtype=int64), array([150], dtype=int64), array([19], dtype=int64), array([58], dtype=int64), array([138], dtype=int64)]}",50.0,112,,0,0
3.0,667,,[155 108 258 190 196 196 196 138],0.4056390622295658,,True,1.2402256688002207,2.4056390622295662,1.1731440476153512,1.0513149660756935,narrow-puzzle,19,,1.0328,2.4845440234706957,2.4056390622295662,"{'rewards': [-0.1, -0.1, -0.1, -0.1, -0.1, -0.1, -0.1, -0.1, -0.1, -0.1, -0.1, -0.1, -0.1, -0.1, -0.1, -0.1, -0.1, -0.1, -0.1, -0.1, 2.4056390622295662], 'action': [array([9], dtype=int64), array([138], dtype=int64), array([80], dtype=int64), array([138], dtype=int64), array([104], dtype=int64), array([203], dtype=int64), array([196], dtype=int64), array([138], dtype=int64), array([129], dtype=int64), array([196], dtype=int64), array([47], dtype=int64), array([203], dtype=int64), array([192], dtype=int64), array([196], dtype=int64), array([196], dtype=int64), array([138], dtype=int64), array([155], dtype=int64), array([108], dtype=int64), array([258], dtype=int64), array([190], dtype=int64), array([196], dtype=int64)]}",0.0,113,,0,0
8.0,672,,[ 11  95 189 181 138  81 108 199],1.1999999999999995,,True,1.8937257375651166,3.0,1.2209043580863204,1.0801234497346435,narrow-puzzle,18,,1.033,3.0989999999999998,3.0,"{'rewards': [-0.1, -0.1, -0.1, -0.1, -0.1, -0.1, -0.1, -0.1, -0.1, -0.1, -0.1, -0.1, -0.1, -0.1, -0.1, -0.1, -0.1, -0.1, 3.0], 'action': [array([138], dtype=int64), array([108], dtype=int64), array([104], dtype=int64), array([196], dtype=int64), array([138], dtype=int64), array([198], dtype=int64), array([60], dtype=int64), array([203], dtype=int64), array([192], dtype=int64), array([192], dtype=int64), array([138], dtype=int64), array([181], dtype=int64), array([138], dtype=int64), array([81], dtype=int64), array([108], dtype=int64), array([199], dtype=int64), array([11], dtype=int64), array([95], dtype=int64), array([189], dtype=int64)]}",50.0,114,,0,0
3.0,676,,[145 148 225  44  47 203  47 164],1.55,,True,2.0123612058704463,2.75,1.159914414866078,1.2709778186044849,narrow-puzzle,13,,1.0332,2.8412999999999995,2.75,"{'rewards': [-0.1, -0.1, -0.1, -0.1, -0.1, -0.1, -0.1, -0.1, -0.1, -0.1, -0.1, -0.1, 2.75], 'action': [array([82], dtype=int64), array([47], dtype=int64), array([47], dtype=int64), array([203], dtype=int64), array([9], dtype=int64), array([203], dtype=int64), array([47], dtype=int64), array([164], dtype=int64), array([145], dtype=int64), array([148], dtype=int64), array([225], dtype=int64), array([44], dtype=int64), array([47], dtype=int64)]}",10.0,115,,0,0
3.0,678,,[ 22 102 164 128 202 104 154 169],1.2999999999999996,,True,1.951783895271449,3.0,1.1934158067288103,1.1114378604524227,narrow-puzzle,17,,1.0333999999999999,3.1001999999999996,3.0,"{'rewards': [-0.1, -0.1, -0.1, -0.1, -0.1, -0.1, -0.1, -0.1, -0.1, -0.1, -0.1, -0.1, -0.1, -0.1, -0.1, -0.1, -0.1, 3.0], 'action': [array([147], dtype=int64), array([196], dtype=int64), array([104], dtype=int64), array([104], dtype=int64), array([172], dtype=int64), array([202], dtype=int64), array([138], dtype=int64), array([264], dtype=int64), array([118], dtype=int64), array([196], dtype=int64), array([164], dtype=int64), array([128], dtype=int64), array([202], dtype=int64), array([104], dtype=int64), array([154], dtype=int64), array([169], dtype=int64), array([22], dtype=int64), array([102], dtype=int64)]}",50.0,116,,0,0
17.0,679,,[ 47 163 138 138 164 196 199  81],1.85,,True,2.191285436377427,2.75,1.1543457812395725,1.4491376746189437,narrow-puzzle,10,,1.0335999999999999,2.8423999999999996,2.75,"{'rewards': [-0.1, -0.1, -0.1, -0.1, -0.1, -0.1, -0.1, -0.1, -0.1, 2.75], 'action': [array([271], dtype=int64), array([138], dtype=int64), array([138], dtype=int64), array([138], dtype=int64), array([164], dtype=int64), array([196], dtype=int64), array([199], dtype=int64), array([81], dtype=int64), array([47], dtype=int64), array([163], dtype=int64)]}",10.0,117,,0,0
3.0,687,,[184 102 196 199 202 139 196 129],1.6500000000000001,,True,2.071607380161263,2.75,1.1310283146321707,1.3228756555322954,narrow-puzzle,12,,1.0337999999999998,2.8429499999999996,2.75,"{'rewards': [-0.1, -0.1, -0.1, -0.1, -0.1, -0.1, -0.1, -0.1, -0.1, -0.1, -0.1, 2.75], 'action': [array([104], dtype=int64), array([138], dtype=int64), array([47], dtype=int64), array([258], dtype=int64), array([202], dtype=int64), array([139], dtype=int64), array([196], dtype=int64), array([129], dtype=int64), array([184], dtype=int64), array([102], dtype=int64), array([196], dtype=int64), array([199], dtype=int64)]}",10.0,118,,0,0
6.0,705,,[265 155 104 265 179 108 125 138],1.3499999999999999,,True,1.8950398554904744,2.75,1.1864473772330204,1.1832159566199232,narrow-puzzle,15,,1.0339999999999998,2.8434999999999997,2.75,"{'rewards': [-0.1, -0.1, -0.1, -0.1, -0.1, -0.1, -0.1, -0.1, -0.1, -0.1, -0.1, -0.1, -0.1, -0.1, 2.75], 'action': [array([138], dtype=int64), array([262], dtype=int64), array([18], dtype=int64), array([170], dtype=int64), array([47], dtype=int64), array([172], dtype=int64), array([104], dtype=int64), array([138], dtype=int64), array([265], dtype=int64), array([155], dtype=int64), array([104], dtype=int64), array([265], dtype=int64), array([179], dtype=int64), array([108], dtype=int64), array([125], dtype=int64)]}",10.0,119,,0,0
3.0,709,,[189 196  47 164 117 163  38  84],1.3999999999999997,,True,2.0102263882879434,3.0,1.158236091629886,1.1114378604524227,narrow-puzzle,17,,1.0342,3.1026,3.0,"{'rewards': [-0.1, -0.1, -0.1, -0.1, -0.1, -0.1, -0.1, -0.1, -0.1, -0.1, -0.1, -0.1, -0.1, -0.1, -0.1, -0.1, 3.0], 'action': [array([81], dtype=int64), array([104], dtype=int64), array([104], dtype=int64), array([217], dtype=int64), array([196], dtype=int64), array([126], dtype=int64), array([196], dtype=int64), array([281], dtype=int64), array([192], dtype=int64), array([196], dtype=int64), array([47], dtype=int64), array([164], dtype=int64), array([117], dtype=int64), array([163], dtype=int64), array([38], dtype=int64), array([84], dtype=int64), array([189], dtype=int64)]}",50.0,120,,0,0
9.0,738,,[192 102 202 138 162 196 196 164],1.75,,True,2.1312478018305936,2.75,1.162586754773594,1.381698559415515,narrow-puzzle,11,,1.0344,2.8446,2.75,"{'rewards': [-0.1, -0.1, -0.1, -0.1, -0.1, -0.1, -0.1, -0.1, -0.1, -0.1, 2.75], 'action': [array([138], dtype=int64), array([104], dtype=int64), array([104], dtype=int64), array([138], dtype=int64), array([162], dtype=int64), array([196], dtype=int64), array([196], dtype=int64), array([164], dtype=int64), array([192], dtype=int64), array([102], dtype=int64), array([202], dtype=int64)]}",10.0,121,,0,0
6.0,738,,[ 47 196 104  81  47 163  47 203],1.3056390622295664,,True,1.7455689458217485,2.4056390622295662,1.1306489572788283,1.3228756555322954,narrow-puzzle,12,,1.0346,2.488874173782709,2.4056390622295662,"{'rewards': [-0.1, -0.1, -0.1, -0.1, -0.1, -0.1, -0.1, -0.1, -0.1, -0.1, -0.1, 2.4056390622295662], 'action': [array([164], dtype=int64), array([217], dtype=int64), array([51], dtype=int64), array([138], dtype=int64), array([47], dtype=int64), array([163], dtype=int64), array([47], dtype=int64), array([203], dtype=int64), array([47], dtype=int64), array([196], dtype=int64), array([104], dtype=int64), array([81], dtype=int64)]}",0.0,122,,0,0
9.0,744,,[213 102 192 196 196 196 138 258],0.8056390622295659,,True,1.46111797144348,2.4056390622295662,1.1631595440711908,1.1114378604524227,narrow-puzzle,17,,1.0348,2.489355301595155,2.4056390622295662,"{'rewards': [-0.1, -0.1, -0.1, -0.1, -0.1, -0.1, -0.1, -0.1, -0.1, -0.1, -0.1, -0.1, -0.1, -0.1, -0.1, -0.1, 2.4056390622295662], 'action': [array([138], dtype=int64), array([11], dtype=int64), array([208], dtype=int64), array([47], dtype=int64), array([203], dtype=int64), array([108], dtype=int64), array([192], dtype=int64), array([245], dtype=int64), array([58], dtype=int64), array([102], dtype=int64), array([192], dtype=int64), array([196], dtype=int64), array([196], dtype=int64), array([196], dtype=int64), array([138], dtype=int64), array([258], dtype=int64), array([213], dtype=int64)]}",0.0,123,,0,0
3.0,751,,[ 13  47 129 172 110 196 192  56],1.4999999999999998,,True,2.0690560985413535,3.0,1.1768366883723598,1.1456439237389602,narrow-puzzle,16,,1.035,3.1049999999999995,3.0,"{'rewards': [-0.1, -0.1, -0.1, -0.1, -0.1, -0.1, -0.1, -0.1, -0.1, -0.1, -0.1, -0.1, -0.1, -0.1, -0.1, 3.0], 'action': [array([249], dtype=int64), array([104], dtype=int64), array([196], dtype=int64), array([81], dtype=int64), array([85], dtype=int64), array([40], dtype=int64), array([104], dtype=int64), array([61], dtype=int64), array([13], dtype=int64), array([47], dtype=int64), array([129], dtype=int64), array([172], dtype=int64), array([110], dtype=int64), array([196], dtype=int64), array([192], dtype=int64), array([56], dtype=int64)]}",50.0,124,,0,0
18.0,755,,[118 104 138 172  47 192 196  47],1.9500000000000002,,True,2.2517232731508723,2.75,1.1672028186621894,1.5275252316519468,narrow-puzzle,9,,1.0352,2.8467999999999996,2.75,"{'rewards': [-0.1, -0.1, -0.1, -0.1, -0.1, -0.1, -0.1, -0.1, 2.75], 'action': [array([138], dtype=int64), array([104], dtype=int64), array([138], dtype=int64), array([172], dtype=int64), array([47], dtype=int64), array([192], dtype=int64), array([196], dtype=int64), array([47], dtype=int64), array([118], dtype=int64)]}",10.0,125,,0,0
17.0,763,,[193 196 106 163 138 164   5 196],1.6500000000000001,,True,2.071607380161263,2.75,1.2004250492057387,1.3228756555322954,narrow-puzzle,12,,1.0353999999999999,2.8473499999999996,2.75,"{'rewards': [-0.1, -0.1, -0.1, -0.1, -0.1, -0.1, -0.1, -0.1, -0.1, -0.1, -0.1, 2.75], 'action': [array([104], dtype=int64), array([104], dtype=int64), array([81], dtype=int64), array([104], dtype=int64), array([138], dtype=int64), array([164], dtype=int64), array([5], dtype=int64), array([196], dtype=int64), array([193], dtype=int64), array([196], dtype=int64), array([106], dtype=int64), array([163], dtype=int64)]}",10.0,126,,0,0
6.0,764,,[192 196  47 141  81   9  47 196],1.0999999999999999,,True,1.6618037798926224,2.5,1.1592243955347759,1.1832159566199232,narrow-puzzle,15,,1.0355999999999999,2.5889999999999995,2.5,"{'rewards': [-0.1, -0.1, -0.1, -0.1, -0.1, -0.1, -0.1, -0.1, -0.1, -0.1, -0.1, -0.1, -0.1, -0.1, 2.5], 'action': [array([203], dtype=int64), array([192], dtype=int64), array([205], dtype=int64), array([138], dtype=int64), array([104], dtype=int64), array([192], dtype=int64), array([61], dtype=int64), array([196], dtype=int64), array([192], dtype=int64), array([196], dtype=int64), array([47], dtype=int64), array([141], dtype=int64), array([81], dtype=int64), array([9], dtype=int64), array([47], dtype=int64)]}",0.0,127,,0,0
6.0,765,,[ 75 196 196 272 299 163 164  60],1.55,,True,2.0123612058704463,2.75,1.1617137466202663,1.2709778186044849,narrow-puzzle,13,,1.0357999999999998,2.8484499999999997,2.75,"{'rewards': [-0.1, -0.1, -0.1, -0.1, -0.1, -0.1, -0.1, -0.1, -0.1, -0.1, -0.1, -0.1, 2.75], 'action': [array([9], dtype=int64), array([104], dtype=int64), array([81], dtype=int64), array([264], dtype=int64), array([104], dtype=int64), array([163], dtype=int64), array([164], dtype=int64), array([60], dtype=int64), array([75], dtype=int64), array([196], dtype=int64), array([196], dtype=int64), array([272], dtype=int64), array([299], dtype=int64)]}",10.0,128,,0,0
9.0,773,,[ 58 203 148 205  47 125  47 196],0.9499999999999995,,True,1.6650002426119415,2.75,1.151598378606665,1.0513149660756935,narrow-puzzle,19,,1.0359999999999998,2.8489999999999993,2.75,"{'rewards': [-0.1, -0.1, -0.1, -0.1, -0.1, -0.1, -0.1, -0.1, -0.1, -0.1, -0.1, -0.1, -0.1, -0.1, -0.1, -0.1, -0.1, -0.1, 2.75], 'action': [array([199], dtype=int64), array([104], dtype=int64), array([104], dtype=int64), array([104], dtype=int64), array([196], dtype=int64), array([192], dtype=int64), array([125], dtype=int64), array([153], dtype=int64), array([192], dtype=int64), array([24], dtype=int64), array([125], dtype=int64), array([205], dtype=int64), array([47], dtype=int64), array([125], dtype=int64), array([47], dtype=int64), array([196], dtype=int64), array([58], dtype=int64), array([203], dtype=int64), array([148], dtype=int64)]}",10.0,129,,0,0
0.0,787,,[265   9  81 190 108 138 138  47],2.05,,True,2.312564325550234,2.75,1.1812583041314837,1.620185174601965,narrow-puzzle,8,,1.0361999999999998,2.8495499999999994,2.75,"{'rewards': [-0.1, -0.1, -0.1, -0.1, -0.1, -0.1, -0.1, 2.75], 'action': [array([265], dtype=int64), array([9], dtype=int64), array([81], dtype=int64), array([190], dtype=int64), array([108], dtype=int64), array([138], dtype=int64), array([138], dtype=int64), array([47], dtype=int64)]}",10.0,130,,0,0
3.0,790,,[192 104 202 138 138 196 217  97],2.05,,True,2.312564325550234,2.75,1.216348706883222,1.620185174601965,narrow-puzzle,8,,1.0364,2.8501,2.75,"{'rewards': [-0.1, -0.1, -0.1, -0.1, -0.1, -0.1, -0.1, 2.75], 'action': [array([192], dtype=int64), array([104], dtype=int64), array([202], dtype=int64), array([138], dtype=int64), array([138], dtype=int64), array([196], dtype=int64), array([217], dtype=int64), array([97], dtype=int64)]}",10.0,131,,0,0
6.0,790,,[125  68 179 287  47 164 104 196],1.9000000000000001,,True,2.3083055640859937,3.0,1.154596753639655,1.3228756555322954,narrow-puzzle,12,,1.0366,3.1098,3.0,"{'rewards': [-0.1, -0.1, -0.1, -0.1, -0.1, -0.1, -0.1, -0.1, -0.1, -0.1, -0.1, 3.0], 'action': [array([104], dtype=int64), array([81], dtype=int64), array([47], dtype=int64), array([195], dtype=int64), array([47], dtype=int64), array([164], dtype=int64), array([104], dtype=int64), array([196], dtype=int64), array([125], dtype=int64), array([68], dtype=int64), array([179], dtype=int64), array([287], dtype=int64)]}",50.0,132,,0,0
6.0,795,,[155 138 192 217 196 150  73 217],1.55,,True,2.0123612058704463,2.75,1.2178411202585284,1.2709778186044849,narrow-puzzle,13,,1.0368,2.8512,2.75,"{'rewards': [-0.1, -0.1, -0.1, -0.1, -0.1, -0.1, -0.1, -0.1, -0.1, -0.1, -0.1, -0.1, 2.75], 'action': [array([138], dtype=int64), array([104], dtype=int64), array([81], dtype=int64), array([104], dtype=int64), array([81], dtype=int64), array([150], dtype=int64), array([73], dtype=int64), array([217], dtype=int64), array([155], dtype=int64), array([138], dtype=int64), array([192], dtype=int64), array([217], dtype=int64), array([196], dtype=int64)]}",10.0,133,,0,0
3.0,800,,[213 104 192 138 172 138  47 190],1.75,,True,2.1312478018305936,2.75,1.1748405942528763,1.4491376746189437,narrow-puzzle,10,,1.037,2.85175,2.75,"{'rewards': [-0.1, -0.1, -0.1, -0.1, -0.1, -0.1, -0.1, -0.1, -0.1, -0.1, 2.75], 'action': [array([195], dtype=int64), array([104], dtype=int64), array([138], dtype=int64), array([138], dtype=int64), array([172], dtype=int64), array([138], dtype=int64), array([47], dtype=int64), array([190], dtype=int64), array([213], dtype=int64), array([104], dtype=int64), array([192], dtype=int64)]}",10.0,134,,0,0
3.0,803,,[ 47  11 199 134 196 138 118 183],2.3,,True,2.553987155462983,3.0,1.1938085398491356,1.620185174601965,narrow-puzzle,8,,1.0372,3.1115999999999997,3.0,"{'rewards': [-0.1, -0.1, -0.1, -0.1, -0.1, -0.1, -0.1, 3.0], 'action': [array([47], dtype=int64), array([11], dtype=int64), array([199], dtype=int64), array([134], dtype=int64), array([196], dtype=int64), array([138], dtype=int64), array([118], dtype=int64), array([183], dtype=int64)]}",50.0,135,,0,0
9.0,815,,[ 24 205 192 104 138 114 196  81],1.9000000000000001,,True,2.3083055640859937,3.0,1.200847100064159,1.3228756555322954,narrow-puzzle,12,,1.0373999999999999,3.1121999999999996,3.0,"{'rewards': [-0.1, -0.1, -0.1, -0.1, -0.1, -0.1, -0.1, -0.1, -0.1, -0.1, -0.1, 3.0], 'action': [array([138], dtype=int64), array([47], dtype=int64), array([47], dtype=int64), array([210], dtype=int64), array([138], dtype=int64), array([114], dtype=int64), array([196], dtype=int64), array([81], dtype=int64), array([24], dtype=int64), array([205], dtype=int64), array([192], dtype=int64), array([104], dtype=int64)]}",50.0,136,,0,0
6.0,822,,[ 47 104 164 192 213  40  57  60],1.1999999999999995,,True,1.8937257375651166,3.0,1.1828603466010035,1.0513149660756935,narrow-puzzle,19,,1.0375999999999999,3.1127999999999996,3.0,"{'rewards': [-0.1, -0.1, -0.1, -0.1, -0.1, -0.1, -0.1, -0.1, -0.1, -0.1, -0.1, -0.1, -0.1, -0.1, -0.1, -0.1, -0.1, -0.1, 3.0], 'action': [array([104], dtype=int64), array([47], dtype=int64), array([104], dtype=int64), array([203], dtype=int64), array([202], dtype=int64), array([205], dtype=int64), array([196], dtype=int64), array([129], dtype=int64), array([209], dtype=int64), array([150], dtype=int64), array([112], dtype=int64), array([192], dtype=int64), array([213], dtype=int64), array([40], dtype=int64), array([57], dtype=int64), array([60], dtype=int64), array([47], dtype=int64), array([104], dtype=int64), array([164], dtype=int64)]}",50.0,137,,0,0
12.0,826,,[226 231 138 299 192 168 205 289],1.0999999999999994,,True,1.8360490561799925,3.0,1.13524625910416,1.0246950765959597,narrow-puzzle,20,,1.0377999999999998,3.1133999999999995,3.0,"{'rewards': [-0.1, -0.1, -0.1, -0.1, -0.1, -0.1, -0.1, -0.1, -0.1, -0.1, -0.1, -0.1, -0.1, -0.1, -0.1, -0.1, -0.1, -0.1, -0.1, 3.0], 'action': [array([138], dtype=int64), array([104], dtype=int64), array([125], dtype=int64), array([138], dtype=int64), array([47], dtype=int64), array([138], dtype=int64), array([118], dtype=int64), array([9], dtype=int64), array([195], dtype=int64), array([196], dtype=int64), array([172], dtype=int64), array([192], dtype=int64), array([192], dtype=int64), array([168], dtype=int64), array([205], dtype=int64), array([289], dtype=int64), array([226], dtype=int64), array([231], dtype=int64), array([138], dtype=int64), array([299], dtype=int64)]}",50.0,138,,0,0
18.0,828,,[287  60  47 172 138 192 258 196],1.3999999999999997,,True,2.0102263882879434,3.0,1.1711862172126262,1.1456439237389602,narrow-puzzle,16,,1.0379999999999998,3.1139999999999994,3.0,"{'rewards': [-0.1, -0.1, -0.1, -0.1, -0.1, -0.1, -0.1, -0.1, -0.1, -0.1, -0.1, -0.1, -0.1, -0.1, -0.1, -0.1, 3.0], 'action': [array([47], dtype=int64), array([196], dtype=int64), array([138], dtype=int64), array([138], dtype=int64), array([138], dtype=int64), array([104], dtype=int64), array([192], dtype=int64), array([9], dtype=int64), array([138], dtype=int64), array([60], dtype=int64), array([47], dtype=int64), array([172], dtype=int64), array([138], dtype=int64), array([192], dtype=int64), array([258], dtype=int64), array([196], dtype=int64), array([287], dtype=int64)]}",50.0,139,,0,0
10.0,833,,[ 81 105 199 179 196 262 138 129],1.1999999999999995,,True,1.8937257375651166,3.0,1.151389223729953,1.1114378604524227,narrow-puzzle,17,,1.0381999999999998,3.1145999999999994,3.0,"{'rewards': [-0.1, -0.1, -0.1, -0.1, -0.1, -0.1, -0.1, -0.1, -0.1, -0.1, -0.1, -0.1, -0.1, -0.1, -0.1, -0.1, -0.1, -0.1, 3.0], 'action': [array([5], dtype=int64), array([196], dtype=int64), array([196], dtype=int64), array([47], dtype=int64), array([196], dtype=int64), array([205], dtype=int64), array([138], dtype=int64), array([53], dtype=int64), array([196], dtype=int64), array([128], dtype=int64), array([11], dtype=int64), array([179], dtype=int64), array([196], dtype=int64), array([262], dtype=int64), array([138], dtype=int64), array([129], dtype=int64), array([81], dtype=int64), array([105], dtype=int64), array([199], dtype=int64)]}",50.0,140,,0,0
3.0,846,,[202 262   9  24 192 196 196 196],0.7056390622295658,,True,1.4053474734235185,2.4056390622295662,1.1820569348576846,1.0801234497346435,narrow-puzzle,18,,1.0383999999999998,2.498015602219181,2.4056390622295662,"{'rewards': [-0.1, -0.1, -0.1, -0.1, -0.1, -0.1, -0.1, -0.1, -0.1, -0.1, -0.1, -0.1, -0.1, -0.1, -0.1, -0.1, -0.1, 2.4056390622295662], 'action': [array([138], dtype=int64), array([155], dtype=int64), array([104], dtype=int64), array([138], dtype=int64), array([138], dtype=int64), array([60], dtype=int64), array([47], dtype=int64), array([108], dtype=int64), array([203], dtype=int64), array([226], dtype=int64), array([9], dtype=int64), array([24], dtype=int64), array([192], dtype=int64), array([196], dtype=int64), array([196], dtype=int64), array([196], dtype=int64), array([202], dtype=int64), array([262], dtype=int64)]}",0.0,141,,0,0
6.0,851,,[ 75 138 192 202  89  80 196  47],1.2999999999999996,,True,1.951783895271449,3.0,1.1969755459039242,1.0801234497346435,narrow-puzzle,18,,1.0386,3.1158,3.0,"{'rewards': [-0.1, -0.1, -0.1, -0.1, -0.1, -0.1, -0.1, -0.1, -0.1, -0.1, -0.1, -0.1, -0.1, -0.1, -0.1, -0.1, -0.1, 3.0], 'action': [array([81], dtype=int64), array([104], dtype=int64), array([47], dtype=int64), array([196], dtype=int64), array([164], dtype=int64), array([196], dtype=int64), array([164], dtype=int64), array([196], dtype=int64), array([108], dtype=int64), array([108], dtype=int64), array([192], dtype=int64), array([202], dtype=int64), array([89], dtype=int64), array([80], dtype=int64), array([196], dtype=int64), array([47], dtype=int64), array([75], dtype=int64), array([138], dtype=int64)]}",50.0,142,,0,0
