entropy_map,done_bonus,reward_distance,discount_rewards,experience_bonus,piece_penalty,bonus_factor,rewards_sum,changes_penalty,is_done_success,reward_game,done_penalty,agent,reward,reward_neighbors,segments,entropy,historical,representation,counter_done,counter_done_interations,discount_reward,reward_experience_bonus,counter_done_max_changes,counter_changes
1.2330864868922786,50.0,0,6.694623265292282,1.0102,0,1.1456439237389602,6.482359239761056,,True,3.0,,,7.982359239761056,0,[129  82  76 130  99  85],2.584962500721156,"{'rewards': [-0.1, -0.1, -0.1, -0.1, -0.1, -0.1, -0.1, -0.1, -0.1, -0.1, -0.1, -0.1, -0.1, -0.1, -0.1, 7.982359239761056], 'action': [array([80], dtype=int64), array([40], dtype=int64), array([70], dtype=int64), array([134], dtype=int64), array([76], dtype=int64), array([131], dtype=int64), array([44], dtype=int64), array([50], dtype=int64), array([45], dtype=int64), array([36], dtype=int64), array([99], dtype=int64), array([85], dtype=int64), array([129], dtype=int64), array([82], dtype=int64), array([76], dtype=int64), array([130], dtype=int64)]}",narrow-puzzle,0,0,,8.06377930400662,5,16
1.2037644075725094,50.0,0,6.532405504673998,1.0104,0,1.0,6.282359239761056,,True,6.0,,,7.982359239761056,0,[81 25 36 91 49 97],2.584962500721156,"{'rewards': [-0.1, -0.1, -0.1, -0.1, -0.1, -0.1, -0.1, -0.1, -0.1, -0.1, -0.1, -0.1, -0.1, -0.1, -0.1, -0.1, -0.1, 7.982359239761056], 'action': [array([124], dtype=int64), array([102], dtype=int64), array([138], dtype=int64), array([39], dtype=int64), array([112], dtype=int64), array([126], dtype=int64), array([44], dtype=int64), array([55], dtype=int64), array([0], dtype=int64), array([130], dtype=int64), array([116], dtype=int64), array([108], dtype=int64), array([81], dtype=int64), array([25], dtype=int64), array([36], dtype=int64), array([91], dtype=int64), array([49], dtype=int64), array([97], dtype=int64)]}",narrow-puzzle,1,0,,8.065375775854571,5,18
1.2469548493134943,50.0,0,6.532405504673998,1.0106,0,1.0,6.282359239761056,,True,6.0,,,7.982359239761056,0,[ 8 37 48 81 55 57],2.584962500721156,"{'rewards': [-0.1, -0.1, -0.1, -0.1, -0.1, -0.1, -0.1, -0.1, -0.1, -0.1, -0.1, -0.1, -0.1, -0.1, -0.1, -0.1, -0.1, 7.982359239761056], 'action': [array([17], dtype=int64), array([136], dtype=int64), array([148], dtype=int64), array([47], dtype=int64), array([84], dtype=int64), array([22], dtype=int64), array([81], dtype=int64), array([39], dtype=int64), array([69], dtype=int64), array([61], dtype=int64), array([116], dtype=int64), array([14], dtype=int64), array([8], dtype=int64), array([37], dtype=int64), array([48], dtype=int64), array([81], dtype=int64), array([55], dtype=int64), array([57], dtype=int64)]}",narrow-puzzle,2,0,,8.066972247702523,12,18
1.2501714793302858,50.0,0,6.532405504673998,1.0108,0,1.0,6.282359239761056,,True,3.0,,,7.982359239761056,0,[118  92 121  27  26 147],2.584962500721156,"{'rewards': [-0.1, -0.1, -0.1, -0.1, -0.1, -0.1, -0.1, -0.1, -0.1, -0.1, -0.1, -0.1, -0.1, -0.1, -0.1, -0.1, -0.1, 7.982359239761056], 'action': [array([97], dtype=int64), array([48], dtype=int64), array([133], dtype=int64), array([81], dtype=int64), array([64], dtype=int64), array([46], dtype=int64), array([129], dtype=int64), array([95], dtype=int64), array([83], dtype=int64), array([26], dtype=int64), array([43], dtype=int64), array([66], dtype=int64), array([118], dtype=int64), array([92], dtype=int64), array([121], dtype=int64), array([27], dtype=int64), array([26], dtype=int64), array([147], dtype=int64)]}",narrow-puzzle,3,0,,8.068568719550475,21,18
1.2445971504934938,50.0,0,6.942007413469155,1.011,0,1.2709778186044849,6.782359239761056,,True,3.0,,,7.982359239761056,0,[ 82  52  95 134 123  85],2.584962500721156,"{'rewards': [-0.1, -0.1, -0.1, -0.1, -0.1, -0.1, -0.1, -0.1, -0.1, -0.1, -0.1, -0.1, 7.982359239761056], 'action': [array([5], dtype=int64), array([37], dtype=int64), array([76], dtype=int64), array([17], dtype=int64), array([21], dtype=int64), array([75], dtype=int64), array([47], dtype=int64), array([52], dtype=int64), array([95], dtype=int64), array([134], dtype=int64), array([123], dtype=int64), array([85], dtype=int64), array([82], dtype=int64)]}",narrow-puzzle,4,0,,8.070165191398427,27,13
1.2267903052722804,50.0,0,6.776539596290603,1.0112,0,1.1832159566199232,6.582359239761056,,True,6.0,,,7.982359239761056,0,[ 47  31  89  57  23 129],2.584962500721156,"{'rewards': [-0.1, -0.1, -0.1, -0.1, -0.1, -0.1, -0.1, -0.1, -0.1, -0.1, -0.1, -0.1, -0.1, -0.1, 7.982359239761056], 'action': [array([39], dtype=int64), array([104], dtype=int64), array([52], dtype=int64), array([27], dtype=int64), array([69], dtype=int64), array([25], dtype=int64), array([105], dtype=int64), array([55], dtype=int64), array([22], dtype=int64), array([57], dtype=int64), array([23], dtype=int64), array([129], dtype=int64), array([47], dtype=int64), array([31], dtype=int64), array([89], dtype=int64)]}",narrow-puzzle,5,0,,8.071761663246381,36,15
1.2437667558983112,10.0,-5.0,-3.3503626240647137,1.0114,0,1.0,-4.670914016018583,,True,6.0,,,1.0290859839814175,0,[ 16  91 100  57  57 130],2.251629167387823,"{'rewards': [-0.1, -0.1, -0.1, -0.1, -0.1, -0.1, -0.1, -0.1, -0.1, -0.1, -0.1, -0.1, -0.1, -0.1, -0.1, -0.1, -4.1, 1.0290859839814175], 'action': [array([133], dtype=int64), array([57], dtype=int64), array([126], dtype=int64), array([105], dtype=int64), array([39], dtype=int64), array([32], dtype=int64), array([47], dtype=int64), array([14], dtype=int64), array([93], dtype=int64), array([29], dtype=int64), array([9], dtype=int64), array([77], dtype=int64), array([16], dtype=int64), array([91], dtype=int64), array([100], dtype=int64), array([57], dtype=int64), array([57], dtype=int64), array([130], dtype=int64)]}",narrow-puzzle,6,0,,1.0408175641988058,41,18
1.2696151532609412,50.0,0,5.638882327296616,1.0116,0,1.0,4.182359239761055,,True,3.0,,,7.982359239761056,0,[111  57  10  55 120 119],2.584962500721156,"{'rewards': [-0.1, -0.1, -0.1, -0.1, -0.1, -0.1, -0.1, -2.1, -0.1, -0.1, -0.1, -0.1, -0.1, -0.1, -0.1, -0.1, -0.1, -0.1, 7.982359239761056], 'action': [array([18], dtype=int64), array([26], dtype=int64), array([119], dtype=int64), array([38], dtype=int64), array([0], dtype=int64), array([129], dtype=int64), array([138], dtype=int64), array([38], dtype=int64), array([58], dtype=int64), array([42], dtype=int64), array([40], dtype=int64), array([74], dtype=int64), array([76], dtype=int64), array([57], dtype=int64), array([10], dtype=int64), array([55], dtype=int64), array([120], dtype=int64), array([119], dtype=int64), array([111], dtype=int64)]}",narrow-puzzle,7,0,,8.074954606942285,78,19
1.2360292298188105,50.0,0,7.365408224683186,1.0118,0,1.620185174601965,7.282359239761056,,True,3.0,,,7.982359239761056,0,[ 32 145  14  55  36  53],2.584962500721156,"{'rewards': [-0.1, -0.1, -0.1, -0.1, -0.1, -0.1, -0.1, 7.982359239761056], 'action': [array([73], dtype=int64), array([82], dtype=int64), array([14], dtype=int64), array([55], dtype=int64), array([36], dtype=int64), array([53], dtype=int64), array([32], dtype=int64), array([145], dtype=int64)]}",narrow-puzzle,8,0,,8.076551078790237,78,8
1.2119776079667708,50.0,0,6.293056318859453,1.012,0,1.0,5.982359239761056,,True,13.0,,,7.982359239761056,0,[ 52  32 119 121  14  81],2.584962500721156,"{'rewards': [-0.1, -0.1, -0.1, -0.1, -0.1, -0.1, -0.1, -0.1, -0.1, -0.1, -0.1, -0.1, -0.1, -0.1, -0.1, -0.1, -0.1, -0.1, -0.1, -0.1, 7.982359239761056], 'action': [array([105], dtype=int64), array([97], dtype=int64), array([118], dtype=int64), array([81], dtype=int64), array([95], dtype=int64), array([146], dtype=int64), array([26], dtype=int64), array([55], dtype=int64), array([117], dtype=int64), array([97], dtype=int64), array([136], dtype=int64), array([85], dtype=int64), array([40], dtype=int64), array([64], dtype=int64), array([69], dtype=int64), array([121], dtype=int64), array([14], dtype=int64), array([81], dtype=int64), array([52], dtype=int64), array([32], dtype=int64), array([119], dtype=int64)]}",narrow-puzzle,9,0,,8.078147550638189,96,21
1.2239692315627098,50.0,0,7.538749602139404,1.0122,0,1.8708286933869707,7.482359239761056,,True,0.0,,,7.982359239761056,0,[25 71 76 21  6 52],2.584962500721156,"{'rewards': [-0.1, -0.1, -0.1, -0.1, -0.1, 7.982359239761056], 'action': [array([25], dtype=int64), array([71], dtype=int64), array([76], dtype=int64), array([21], dtype=int64), array([6], dtype=int64), array([52], dtype=int64)]}",narrow-puzzle,10,0,,8.07974402248614,102,6
1.2179410250368998,50.0,0,6.532405504673998,1.0124,0,1.0,6.282359239761056,,True,3.0,,,7.982359239761056,0,[130  32  84 119 121  27],2.584962500721156,"{'rewards': [-0.1, -0.1, -0.1, -0.1, -0.1, -0.1, -0.1, -0.1, -0.1, -0.1, -0.1, -0.1, -0.1, -0.1, -0.1, -0.1, -0.1, 7.982359239761056], 'action': [array([97], dtype=int64), array([82], dtype=int64), array([44], dtype=int64), array([117], dtype=int64), array([57], dtype=int64), array([121], dtype=int64), array([146], dtype=int64), array([0], dtype=int64), array([55], dtype=int64), array([104], dtype=int64), array([99], dtype=int64), array([132], dtype=int64), array([130], dtype=int64), array([32], dtype=int64), array([84], dtype=int64), array([119], dtype=int64), array([121], dtype=int64), array([27], dtype=int64)]}",narrow-puzzle,11,0,,8.081340494334093,105,18
1.2196816991426553,50.0,0,7.025567098934171,1.0126,0,1.3228756555322954,6.8823592397610565,,True,6.0,,,7.982359239761056,0,[  0  32  29  38  81 120],2.584962500721156,"{'rewards': [-0.1, -0.1, -0.1, -0.1, -0.1, -0.1, -0.1, -0.1, -0.1, -0.1, -0.1, 7.982359239761056], 'action': [array([138], dtype=int64), array([127], dtype=int64), array([42], dtype=int64), array([69], dtype=int64), array([89], dtype=int64), array([101], dtype=int64), array([0], dtype=int64), array([32], dtype=int64), array([29], dtype=int64), array([38], dtype=int64), array([81], dtype=int64), array([120], dtype=int64)]}",narrow-puzzle,12,0,,8.082936966182045,119,12
1.2464102365944432,50.0,0,6.694623265292282,1.0128,0,1.1456439237389602,6.482359239761056,,True,9.0,,,7.982359239761056,0,[ 50  85  81  89 121  92],2.584962500721156,"{'rewards': [-0.1, -0.1, -0.1, -0.1, -0.1, -0.1, -0.1, -0.1, -0.1, -0.1, -0.1, -0.1, -0.1, -0.1, -0.1, 7.982359239761056], 'action': [array([27], dtype=int64), array([44], dtype=int64), array([17], dtype=int64), array([107], dtype=int64), array([129], dtype=int64), array([26], dtype=int64), array([26], dtype=int64), array([85], dtype=int64), array([62], dtype=int64), array([120], dtype=int64), array([121], dtype=int64), array([92], dtype=int64), array([50], dtype=int64), array([85], dtype=int64), array([81], dtype=int64), array([89], dtype=int64)]}",narrow-puzzle,13,0,,8.084533438029997,131,16
1.2651308383248399,50.0,0,3.99991741374006,1.013,0,1.2709778186044849,2.782359239761057,,True,8.0,,,7.982359239761056,0,[ 93  33 127  85  32   1],2.584962500721156,"{'rewards': [-0.1, -0.1, -0.1, -0.1, -0.1, -0.1, -0.1, -0.1, -0.1, -4.1, -0.1, -0.1, 7.982359239761056], 'action': [array([40], dtype=int64), array([31], dtype=int64), array([40], dtype=int64), array([41], dtype=int64), array([35], dtype=int64), array([96], dtype=int64), array([85], dtype=int64), array([33], dtype=int64), array([127], dtype=int64), array([85], dtype=int64), array([32], dtype=int64), array([1], dtype=int64), array([93], dtype=int64)]}",narrow-puzzle,14,0,,8.086129909877949,144,13
1.2592790600114392,50.0,0,6.613246574234754,1.0132,0,1.1114378604524227,6.382359239761056,,True,6.0,,,7.982359239761056,0,[73 39 97 77 61 71],2.584962500721156,"{'rewards': [-0.1, -0.1, -0.1, -0.1, -0.1, -0.1, -0.1, -0.1, -0.1, -0.1, -0.1, -0.1, -0.1, -0.1, -0.1, -0.1, 7.982359239761056], 'action': [array([38], dtype=int64), array([71], dtype=int64), array([84], dtype=int64), array([130], dtype=int64), array([26], dtype=int64), array([109], dtype=int64), array([0], dtype=int64), array([47], dtype=int64), array([135], dtype=int64), array([90], dtype=int64), array([124], dtype=int64), array([71], dtype=int64), array([73], dtype=int64), array([39], dtype=int64), array([97], dtype=int64), array([77], dtype=int64), array([61], dtype=int64)]}",narrow-puzzle,15,0,,8.087726381725902,159,17
1.2029855016396027,50.0,0,6.694623265292282,1.0134,0,1.1456439237389602,6.482359239761056,,True,6.0,,,7.982359239761056,0,[ 91 104  60  74 124  78],2.584962500721156,"{'rewards': [-0.1, -0.1, -0.1, -0.1, -0.1, -0.1, -0.1, -0.1, -0.1, -0.1, -0.1, -0.1, -0.1, -0.1, -0.1, 7.982359239761056], 'action': [array([82], dtype=int64), array([77], dtype=int64), array([47], dtype=int64), array([52], dtype=int64), array([76], dtype=int64), array([119], dtype=int64), array([137], dtype=int64), array([28], dtype=int64), array([15], dtype=int64), array([70], dtype=int64), array([124], dtype=int64), array([78], dtype=int64), array([91], dtype=int64), array([104], dtype=int64), array([60], dtype=int64), array([74], dtype=int64)]}",narrow-puzzle,16,0,,8.089322853573854,159,16
1.2237848946898804,50.0,0,7.538749602139404,1.0136,0,1.8708286933869707,7.482359239761056,,True,9.0,,,7.982359239761056,0,[ 16  85  79  76  15 130],2.584962500721156,"{'rewards': [-0.1, -0.1, -0.1, -0.1, -0.1, 7.982359239761056], 'action': [array([16], dtype=int64), array([85], dtype=int64), array([79], dtype=int64), array([76], dtype=int64), array([15], dtype=int64), array([130], dtype=int64)]}",narrow-puzzle,17,0,,8.090919325421806,159,6
1.262207621328578,50.0,0,6.372314315974113,1.0138,0,1.0,6.082359239761056,,True,6.0,,,7.982359239761056,0,[ 25 120  63  97  52  42],2.584962500721156,"{'rewards': [-0.1, -0.1, -0.1, -0.1, -0.1, -0.1, -0.1, -0.1, -0.1, -0.1, -0.1, -0.1, -0.1, -0.1, -0.1, -0.1, -0.1, -0.1, -0.1, 7.982359239761056], 'action': [array([108], dtype=int64), array([37], dtype=int64), array([138], dtype=int64), array([57], dtype=int64), array([50], dtype=int64), array([76], dtype=int64), array([78], dtype=int64), array([85], dtype=int64), array([129], dtype=int64), array([130], dtype=int64), array([108], dtype=int64), array([130], dtype=int64), array([18], dtype=int64), array([4], dtype=int64), array([63], dtype=int64), array([97], dtype=int64), array([52], dtype=int64), array([42], dtype=int64), array([25], dtype=int64), array([120], dtype=int64)]}",narrow-puzzle,18,0,,8.092515797269758,161,20
1.2342561994731986,50.0,0,6.858999617936363,1.014,0,1.224744871391589,6.682359239761056,,True,9.0,,,7.982359239761056,0,[52 42 26 23 31 83],2.584962500721156,"{'rewards': [-0.1, -0.1, -0.1, -0.1, -0.1, -0.1, -0.1, -0.1, -0.1, -0.1, -0.1, -0.1, -0.1, 7.982359239761056], 'action': [array([135], dtype=int64), array([124], dtype=int64), array([126], dtype=int64), array([113], dtype=int64), array([138], dtype=int64), array([81], dtype=int64), array([44], dtype=int64), array([105], dtype=int64), array([26], dtype=int64), array([23], dtype=int64), array([31], dtype=int64), array([83], dtype=int64), array([52], dtype=int64), array([42], dtype=int64)]}",narrow-puzzle,19,0,,8.09411226911771,184,14
1.2694701034271068,50.0,0,7.538749602139404,1.0142,0,1.8708286933869707,7.482359239761056,,True,3.0,,,7.982359239761056,0,[ 18  67  42  55  37 130],2.584962500721156,"{'rewards': [-0.1, -0.1, -0.1, -0.1, -0.1, 7.982359239761056], 'action': [array([18], dtype=int64), array([67], dtype=int64), array([42], dtype=int64), array([55], dtype=int64), array([37], dtype=int64), array([130], dtype=int64)]}",narrow-puzzle,20,0,,8.095708740965662,196,6
1.2392638401008897,50.0,0,7.538749602139404,1.0144,0,1.8708286933869707,7.482359239761056,,True,6.0,,,7.982359239761056,0,[76  1 40 73 85  5],2.584962500721156,"{'rewards': [-0.1, -0.1, -0.1, -0.1, -0.1, 7.982359239761056], 'action': [array([76], dtype=int64), array([1], dtype=int64), array([40], dtype=int64), array([73], dtype=int64), array([85], dtype=int64), array([5], dtype=int64)]}",narrow-puzzle,21,0,,8.097305212813614,199,6
1.2443673925611545,50.0,0,7.279599153250209,1.0146,0,1.5275252316519468,7.182359239761056,,True,9.0,,,7.982359239761056,0,[ 12  55 122   5 138  97],2.584962500721156,"{'rewards': [-0.1, -0.1, -0.1, -0.1, -0.1, -0.1, -0.1, -0.1, 7.982359239761056], 'action': [array([0], dtype=int64), array([50], dtype=int64), array([126], dtype=int64), array([5], dtype=int64), array([138], dtype=int64), array([97], dtype=int64), array([12], dtype=int64), array([55], dtype=int64), array([122], dtype=int64)]}",narrow-puzzle,22,0,,8.098901684661566,200,9
1.2302888487245012,50.0,0,3.3596002750497322,1.0148,0,1.224744871391589,2.6823592397610563,,True,3.0,,,7.982359239761056,0,[52 32 95 42 27 40],2.584962500721156,"{'rewards': [-0.1, -0.1, -0.1, -0.1, -0.1, -0.1, -0.1, -0.1, -0.1, -0.1, -0.1, -0.1, -4.1, 7.982359239761056], 'action': [array([80], dtype=int64), array([120], dtype=int64), array([85], dtype=int64), array([97], dtype=int64), array([117], dtype=int64), array([142], dtype=int64), array([85], dtype=int64), array([52], dtype=int64), array([95], dtype=int64), array([42], dtype=int64), array([27], dtype=int64), array([40], dtype=int64), array([52], dtype=int64), array([32], dtype=int64)]}",narrow-puzzle,23,0,,8.10049815650952,203,14
1.23071486577631,10.0,-5.0,-2.421254385974786,1.0150000000000001,0,1.5275252316519468,-3.7709140160185886,,True,6.0,,,1.0290859839814104,0,[ 52  70  21  52  71 105],2.2516291673878226,"{'rewards': [-0.1, -0.1, -0.1, -0.1, -0.1, -0.1, -4.1, -0.1, 1.0290859839814104], 'action': [array([3], dtype=int64), array([68], dtype=int64), array([84], dtype=int64), array([52], dtype=int64), array([71], dtype=int64), array([105], dtype=int64), array([52], dtype=int64), array([70], dtype=int64), array([21], dtype=int64)]}",narrow-puzzle,24,0,,1.0445222737411317,215,9
1.2593765795712393,50.0,0,7.279599153250209,1.0152,0,1.5275252316519468,7.182359239761056,,True,6.0,,,7.982359239761056,0,[ 12 122 130 126  90  41],2.584962500721156,"{'rewards': [-0.1, -0.1, -0.1, -0.1, -0.1, -0.1, -0.1, -0.1, 7.982359239761056], 'action': [array([123], dtype=int64), array([69], dtype=int64), array([32], dtype=int64), array([126], dtype=int64), array([90], dtype=int64), array([41], dtype=int64), array([12], dtype=int64), array([122], dtype=int64), array([130], dtype=int64)]}",narrow-puzzle,25,0,,8.103691100205426,221,9
1.2058262825215194,50.0,0,7.538749602139404,1.0154,0,1.8708286933869707,7.482359239761056,,True,12.0,,,7.982359239761056,0,[  2  23  17 112  47  94],2.584962500721156,"{'rewards': [-0.1, -0.1, -0.1, -0.1, -0.1, 7.982359239761056], 'action': [array([2], dtype=int64), array([23], dtype=int64), array([17], dtype=int64), array([112], dtype=int64), array([47], dtype=int64), array([94], dtype=int64)]}",narrow-puzzle,26,0,,8.105287572053378,223,6
1.2589863514758124,50.0,0,4.964948873810337,1.0156,0,1.1832159566199232,2.5823592397610593,,True,9.0,,,7.982359239761056,0,[  2 105  48 137  22 122],2.584962500721156,"{'rewards': [-0.1, -0.1, -0.1, -0.1, -0.1, -0.1, -4.1, -0.1, -0.1, -0.1, -0.1, -0.1, -0.1, -0.1, 7.982359239761056], 'action': [array([12], dtype=int64), array([108], dtype=int64), array([9], dtype=int64), array([26], dtype=int64), array([121], dtype=int64), array([38], dtype=int64), array([26], dtype=int64), array([130], dtype=int64), array([61], dtype=int64), array([137], dtype=int64), array([22], dtype=int64), array([122], dtype=int64), array([2], dtype=int64), array([105], dtype=int64), array([48], dtype=int64)]}",narrow-puzzle,27,0,,8.10688404390133,226,15
1.219475046166395,10.0,-5.0,-3.212072680188653,1.0158,0,1.620185174601965,-3.67091401601859,,True,3.0,,,-2.9709140160185896,-4,[23 52 52 78 16  5],2.2516291673878226,"{'rewards': [-0.1, -0.1, -0.1, -0.1, -0.1, -0.1, -0.1, -2.9709140160185896], 'action': [array([118], dtype=int64), array([50], dtype=int64), array([52], dtype=int64), array([78], dtype=int64), array([16], dtype=int64), array([5], dtype=int64), array([23], dtype=int64), array([52], dtype=int64)]}",narrow-puzzle,28,0,,-3.0178544574716835,238,8
1.2765807899829735,50.0,0,6.694623265292282,1.016,0,1.1456439237389602,6.482359239761056,,True,9.0,,,7.982359239761056,0,[ 55  71 120  56  85  97],2.584962500721156,"{'rewards': [-0.1, -0.1, -0.1, -0.1, -0.1, -0.1, -0.1, -0.1, -0.1, -0.1, -0.1, -0.1, -0.1, -0.1, -0.1, 7.982359239761056], 'action': [array([112], dtype=int64), array([68], dtype=int64), array([0], dtype=int64), array([41], dtype=int64), array([121], dtype=int64), array([12], dtype=int64), array([79], dtype=int64), array([50], dtype=int64), array([68], dtype=int64), array([46], dtype=int64), array([85], dtype=int64), array([97], dtype=int64), array([55], dtype=int64), array([71], dtype=int64), array([120], dtype=int64), array([56], dtype=int64)]}",narrow-puzzle,29,0,,8.110076987597234,251,16
1.2299212565158213,50.0,0,6.858999617936363,1.0162,0,1.224744871391589,6.682359239761056,,True,6.0,,,7.982359239761056,0,[25 70 26 52 84 79],2.584962500721156,"{'rewards': [-0.1, -0.1, -0.1, -0.1, -0.1, -0.1, -0.1, -0.1, -0.1, -0.1, -0.1, -0.1, -0.1, 7.982359239761056], 'action': [array([69], dtype=int64), array([34], dtype=int64), array([85], dtype=int64), array([17], dtype=int64), array([94], dtype=int64), array([12], dtype=int64), array([107], dtype=int64), array([37], dtype=int64), array([26], dtype=int64), array([52], dtype=int64), array([84], dtype=int64), array([79], dtype=int64), array([25], dtype=int64), array([70], dtype=int64)]}",narrow-puzzle,30,0,,8.111673459445186,251,14
1.236254699536867,50.0,0,6.613246574234754,1.0164,0,1.1114378604524227,6.382359239761056,,True,3.0,,,7.982359239761056,0,[87  6 85 28 82 40],2.584962500721156,"{'rewards': [-0.1, -0.1, -0.1, -0.1, -0.1, -0.1, -0.1, -0.1, -0.1, -0.1, -0.1, -0.1, -0.1, -0.1, -0.1, -0.1, 7.982359239761056], 'action': [array([80], dtype=int64), array([26], dtype=int64), array([101], dtype=int64), array([136], dtype=int64), array([138], dtype=int64), array([92], dtype=int64), array([81], dtype=int64), array([32], dtype=int64), array([75], dtype=int64), array([77], dtype=int64), array([90], dtype=int64), array([40], dtype=int64), array([87], dtype=int64), array([6], dtype=int64), array([85], dtype=int64), array([28], dtype=int64), array([82], dtype=int64)]}",narrow-puzzle,31,0,,8.113269931293138,262,17
1.2168386357669432,50.0,0,7.109682823457207,1.0166,0,1.381698559415515,6.982359239761056,,True,16.0,,,7.982359239761056,0,[122  84  55  76  68  47],2.584962500721156,"{'rewards': [-0.1, -0.1, -0.1, -0.1, -0.1, -0.1, -0.1, -0.1, -0.1, -0.1, 7.982359239761056], 'action': [array([78], dtype=int64), array([87], dtype=int64), array([92], dtype=int64), array([55], dtype=int64), array([100], dtype=int64), array([47], dtype=int64), array([122], dtype=int64), array([84], dtype=int64), array([55], dtype=int64), array([76], dtype=int64), array([68], dtype=int64)]}",narrow-puzzle,32,0,,8.11486640314109,279,11
1.2174613532538703,50.0,0,6.613246574234754,1.0168,0,1.1114378604524227,6.382359239761056,,True,6.0,,,7.982359239761056,0,[124  93  23  89  39  81],2.584962500721156,"{'rewards': [-0.1, -0.1, -0.1, -0.1, -0.1, -0.1, -0.1, -0.1, -0.1, -0.1, -0.1, -0.1, -0.1, -0.1, -0.1, -0.1, 7.982359239761056], 'action': [array([42], dtype=int64), array([122], dtype=int64), array([73], dtype=int64), array([84], dtype=int64), array([90], dtype=int64), array([142], dtype=int64), array([89], dtype=int64), array([97], dtype=int64), array([27], dtype=int64), array([10], dtype=int64), array([53], dtype=int64), array([81], dtype=int64), array([124], dtype=int64), array([93], dtype=int64), array([23], dtype=int64), array([89], dtype=int64), array([39], dtype=int64)]}",narrow-puzzle,33,0,,8.116462874989042,293,17
1.2162963017613142,50.0,0,7.109682823457207,1.017,0,1.381698559415515,6.982359239761056,,True,3.0,,,7.982359239761056,0,[ 79  69  55 132  40  65],2.584962500721156,"{'rewards': [-0.1, -0.1, -0.1, -0.1, -0.1, -0.1, -0.1, -0.1, -0.1, -0.1, 7.982359239761056], 'action': [array([137], dtype=int64), array([92], dtype=int64), array([18], dtype=int64), array([77], dtype=int64), array([87], dtype=int64), array([65], dtype=int64), array([79], dtype=int64), array([69], dtype=int64), array([55], dtype=int64), array([132], dtype=int64), array([40], dtype=int64)]}",narrow-puzzle,34,0,,8.118059346836993,294,11
1.2318811294674001,50.0,0,7.109682823457207,1.0172,0,1.381698559415515,6.982359239761056,,True,3.0,,,7.982359239761056,0,[115  52  31  10  57  64],2.584962500721156,"{'rewards': [-0.1, -0.1, -0.1, -0.1, -0.1, -0.1, -0.1, -0.1, -0.1, -0.1, 7.982359239761056], 'action': [array([137], dtype=int64), array([127], dtype=int64), array([91], dtype=int64), array([71], dtype=int64), array([102], dtype=int64), array([64], dtype=int64), array([115], dtype=int64), array([52], dtype=int64), array([31], dtype=int64), array([10], dtype=int64), array([57], dtype=int64)]}",narrow-puzzle,35,0,,8.119655818684947,294,11
1.2329993549656908,50.0,0,6.776539596290603,1.0174,0,1.1832159566199232,6.582359239761056,,True,6.0,,,7.982359239761056,0,[ 44  85   9  13 145 100],2.584962500721156,"{'rewards': [-0.1, -0.1, -0.1, -0.1, -0.1, -0.1, -0.1, -0.1, -0.1, -0.1, -0.1, -0.1, -0.1, -0.1, 7.982359239761056], 'action': [array([67], dtype=int64), array([39], dtype=int64), array([95], dtype=int64), array([8], dtype=int64), array([35], dtype=int64), array([122], dtype=int64), array([17], dtype=int64), array([129], dtype=int64), array([25], dtype=int64), array([13], dtype=int64), array([145], dtype=int64), array([100], dtype=int64), array([44], dtype=int64), array([85], dtype=int64), array([9], dtype=int64)]}",narrow-puzzle,36,0,,8.1212522905329,308,15
1.2261194442212002,50.0,0,3.9378335029150002,1.0176,0,1.2709778186044849,-1.2176407602389414,,True,9.0,,,7.982359239761056,0,[27 17 55 85 10 16],2.584962500721156,"{'rewards': [-0.1, -0.1, -4.1, -0.1, -0.1, -0.1, -4.1, -0.1, -0.1, -0.1, -0.1, -0.1, 7.982359239761056], 'action': [array([9], dtype=int64), array([41], dtype=int64), array([41], dtype=int64), array([46], dtype=int64), array([63], dtype=int64), array([31], dtype=int64), array([41], dtype=int64), array([17], dtype=int64), array([55], dtype=int64), array([85], dtype=int64), array([10], dtype=int64), array([16], dtype=int64), array([27], dtype=int64)]}",narrow-puzzle,37,0,,8.122848762380851,310,13
1.2464451986373268,50.0,0,7.194358769522043,1.0178,0,1.4491376746189437,7.082359239761056,,True,12.0,,,7.982359239761056,0,[ 55  50  57  26  95 129],2.584962500721156,"{'rewards': [-0.1, -0.1, -0.1, -0.1, -0.1, -0.1, -0.1, -0.1, -0.1, 7.982359239761056], 'action': [array([47], dtype=int64), array([126], dtype=int64), array([55], dtype=int64), array([129], dtype=int64), array([95], dtype=int64), array([129], dtype=int64), array([55], dtype=int64), array([50], dtype=int64), array([57], dtype=int64), array([26], dtype=int64)]}",narrow-puzzle,38,0,,8.124445234228803,319,10
1.2488734018597798,50.0,0,6.858999617936363,1.018,0,1.224744871391589,6.682359239761056,,True,3.0,,,7.982359239761056,0,[ 70 130  92  23  81   9],2.584962500721156,"{'rewards': [-0.1, -0.1, -0.1, -0.1, -0.1, -0.1, -0.1, -0.1, -0.1, -0.1, -0.1, -0.1, -0.1, 7.982359239761056], 'action': [array([70], dtype=int64), array([117], dtype=int64), array([5], dtype=int64), array([125], dtype=int64), array([0], dtype=int64), array([73], dtype=int64), array([92], dtype=int64), array([52], dtype=int64), array([92], dtype=int64), array([23], dtype=int64), array([81], dtype=int64), array([9], dtype=int64), array([70], dtype=int64), array([130], dtype=int64)]}",narrow-puzzle,39,0,,8.126041706076755,327,14
1.2247198244945898,50.0,0,6.372314315974113,1.0182,0,1.0,6.082359239761056,,True,9.0,,,7.982359239761056,0,[ 45 134  81  55  92  47],2.584962500721156,"{'rewards': [-0.1, -0.1, -0.1, -0.1, -0.1, -0.1, -0.1, -0.1, -0.1, -0.1, -0.1, -0.1, -0.1, -0.1, -0.1, -0.1, -0.1, -0.1, -0.1, 7.982359239761056], 'action': [array([26], dtype=int64), array([144], dtype=int64), array([85], dtype=int64), array([32], dtype=int64), array([47], dtype=int64), array([51], dtype=int64), array([0], dtype=int64), array([14], dtype=int64), array([93], dtype=int64), array([9], dtype=int64), array([37], dtype=int64), array([128], dtype=int64), array([73], dtype=int64), array([90], dtype=int64), array([81], dtype=int64), array([55], dtype=int64), array([92], dtype=int64), array([47], dtype=int64), array([45], dtype=int64), array([134], dtype=int64)]}",narrow-puzzle,40,0,,8.127638177924707,331,20
1.2356339857431633,50.0,0,3.887504491579783,1.0184,0,1.1456439237389602,-1.5176407602389403,,True,3.0,,,7.982359239761056,0,[52 22 35 94 87 57],2.584962500721156,"{'rewards': [-0.1, -0.1, -0.1, -0.1, -2.1, -6.1, -0.1, -0.1, -0.1, -0.1, -0.1, -0.1, -0.1, -0.1, -0.1, 7.982359239761056], 'action': [array([144], dtype=int64), array([85], dtype=int64), array([38], dtype=int64), array([89], dtype=int64), array([85], dtype=int64), array([85], dtype=int64), array([57], dtype=int64), array([26], dtype=int64), array([70], dtype=int64), array([69], dtype=int64), array([87], dtype=int64), array([57], dtype=int64), array([52], dtype=int64), array([22], dtype=int64), array([35], dtype=int64), array([94], dtype=int64)]}",narrow-puzzle,41,0,,8.129234649772659,333,16
1.2337181802896595,50.0,0,6.694623265292282,1.0186,0,1.1456439237389602,6.482359239761056,,True,9.0,,,7.982359239761056,0,[130 135  80  42  82  64],2.584962500721156,"{'rewards': [-0.1, -0.1, -0.1, -0.1, -0.1, -0.1, -0.1, -0.1, -0.1, -0.1, -0.1, -0.1, -0.1, -0.1, -0.1, 7.982359239761056], 'action': [array([22], dtype=int64), array([135], dtype=int64), array([55], dtype=int64), array([56], dtype=int64), array([147], dtype=int64), array([70], dtype=int64), array([42], dtype=int64), array([93], dtype=int64), array([66], dtype=int64), array([27], dtype=int64), array([82], dtype=int64), array([64], dtype=int64), array([130], dtype=int64), array([135], dtype=int64), array([80], dtype=int64), array([42], dtype=int64)]}",narrow-puzzle,42,0,,8.130831121620611,346,16
1.2429245485494425,50.0,0,6.452096070160617,1.0188,0,1.0,6.182359239761055,,True,3.0,,,7.982359239761056,0,[ 38  39  79  52 137  26],2.584962500721156,"{'rewards': [-0.1, -0.1, -0.1, -0.1, -0.1, -0.1, -0.1, -0.1, -0.1, -0.1, -0.1, -0.1, -0.1, -0.1, -0.1, -0.1, -0.1, -0.1, 7.982359239761056], 'action': [array([90], dtype=int64), array([81], dtype=int64), array([55], dtype=int64), array([70], dtype=int64), array([13], dtype=int64), array([5], dtype=int64), array([57], dtype=int64), array([61], dtype=int64), array([37], dtype=int64), array([78], dtype=int64), array([19], dtype=int64), array([16], dtype=int64), array([120], dtype=int64), array([39], dtype=int64), array([79], dtype=int64), array([52], dtype=int64), array([137], dtype=int64), array([26], dtype=int64), array([38], dtype=int64)]}",narrow-puzzle,43,0,,8.132427593468563,346,19
1.2461454591112169,50.0,0,7.365408224683186,1.019,0,1.620185174601965,7.282359239761056,,True,3.0,,,7.982359239761056,0,[  3  77  52  40 119   5],2.584962500721156,"{'rewards': [-0.1, -0.1, -0.1, -0.1, -0.1, -0.1, -0.1, 7.982359239761056], 'action': [array([85], dtype=int64), array([55], dtype=int64), array([52], dtype=int64), array([40], dtype=int64), array([119], dtype=int64), array([5], dtype=int64), array([3], dtype=int64), array([77], dtype=int64)]}",narrow-puzzle,44,0,,8.134024065316515,346,8
1.2130889025252563,50.0,0,4.651705173019794,1.0192,0,1.224744871391589,2.682359239761058,,True,16.0,,,7.982359239761056,0,[ 21  38 119  55   7 105],2.584962500721156,"{'rewards': [-0.1, -0.1, -0.1, -0.1, -0.1, -0.1, -0.1, -4.1, -0.1, -0.1, -0.1, -0.1, -0.1, 7.982359239761056], 'action': [array([25], dtype=int64), array([57], dtype=int64), array([118], dtype=int64), array([22], dtype=int64), array([81], dtype=int64), array([64], dtype=int64), array([2], dtype=int64), array([118], dtype=int64), array([119], dtype=int64), array([55], dtype=int64), array([7], dtype=int64), array([105], dtype=int64), array([21], dtype=int64), array([38], dtype=int64)]}",narrow-puzzle,45,0,,8.135620537164469,352,14
1.2330828170446981,50.0,0,6.694623265292282,1.0194,0,1.1456439237389602,6.482359239761056,,True,3.0,,,7.982359239761056,0,[40 42 47 39 37 85],2.584962500721156,"{'rewards': [-0.1, -0.1, -0.1, -0.1, -0.1, -0.1, -0.1, -0.1, -0.1, -0.1, -0.1, -0.1, -0.1, -0.1, -0.1, 7.982359239761056], 'action': [array([56], dtype=int64), array([118], dtype=int64), array([77], dtype=int64), array([122], dtype=int64), array([26], dtype=int64), array([85], dtype=int64), array([39], dtype=int64), array([138], dtype=int64), array([76], dtype=int64), array([130], dtype=int64), array([37], dtype=int64), array([85], dtype=int64), array([40], dtype=int64), array([42], dtype=int64), array([47], dtype=int64), array([39], dtype=int64)]}",narrow-puzzle,46,0,,8.13721700901242,363,16
1.2545132632806522,50.0,0,6.694623265292282,1.0196,0,1.1456439237389602,6.482359239761056,,True,6.0,,,7.982359239761056,0,[122  84  52  22  77 130],2.584962500721156,"{'rewards': [-0.1, -0.1, -0.1, -0.1, -0.1, -0.1, -0.1, -0.1, -0.1, -0.1, -0.1, -0.1, -0.1, -0.1, -0.1, 7.982359239761056], 'action': [array([111], dtype=int64), array([31], dtype=int64), array([96], dtype=int64), array([91], dtype=int64), array([85], dtype=int64), array([89], dtype=int64), array([87], dtype=int64), array([5], dtype=int64), array([6], dtype=int64), array([107], dtype=int64), array([77], dtype=int64), array([130], dtype=int64), array([122], dtype=int64), array([84], dtype=int64), array([52], dtype=int64), array([22], dtype=int64)]}",narrow-puzzle,47,0,,8.138813480860373,369,16
1.2704385440085986,50.0,0,1.056780773446825,1.0198,0,1.0,-4.01764076023894,,True,20.0,,,7.982359239761056,0,[ 89 147   4 128  81  77],2.584962500721156,"{'rewards': [-0.1, -0.1, -0.1, -0.1, -0.1, -0.1, -0.1, -0.1, -0.1, -4.1, -0.1, -2.1, -4.1, -0.1, -0.1, -0.1, -0.1, -0.1, -0.1, -0.1, 7.982359239761056], 'action': [array([4], dtype=int64), array([117], dtype=int64), array([136], dtype=int64), array([13], dtype=int64), array([39], dtype=int64), array([81], dtype=int64), array([53], dtype=int64), array([118], dtype=int64), array([9], dtype=int64), array([53], dtype=int64), array([41], dtype=int64), array([118], dtype=int64), array([53], dtype=int64), array([79], dtype=int64), array([82], dtype=int64), array([128], dtype=int64), array([81], dtype=int64), array([77], dtype=int64), array([89], dtype=int64), array([147], dtype=int64), array([4], dtype=int64)]}",narrow-puzzle,48,0,,8.140409952708325,373,21
1.2330864868922786,50.0,0,6.942007413469155,1.02,0,1.2709778186044849,6.782359239761056,,True,12.0,,,7.982359239761056,0,[141  97  70  50  32  22],2.584962500721156,"{'rewards': [-0.1, -0.1, -0.1, -0.1, -0.1, -0.1, -0.1, -0.1, -0.1, -0.1, -0.1, -0.1, 7.982359239761056], 'action': [array([23], dtype=int64), array([89], dtype=int64), array([52], dtype=int64), array([13], dtype=int64), array([130], dtype=int64), array([50], dtype=int64), array([72], dtype=int64), array([97], dtype=int64), array([70], dtype=int64), array([50], dtype=int64), array([32], dtype=int64), array([22], dtype=int64), array([141], dtype=int64)]}",narrow-puzzle,49,0,,8.142006424556277,386,13
1.252366668830613,50.0,0,7.365408224683186,1.0202,0,1.620185174601965,7.282359239761056,,True,15.0,,,7.982359239761056,0,[ 17   6 118 130  80  49],2.584962500721156,"{'rewards': [-0.1, -0.1, -0.1, -0.1, -0.1, -0.1, -0.1, 7.982359239761056], 'action': [array([131], dtype=int64), array([21], dtype=int64), array([118], dtype=int64), array([130], dtype=int64), array([80], dtype=int64), array([49], dtype=int64), array([17], dtype=int64), array([6], dtype=int64)]}",narrow-puzzle,50,0,,8.143602896404229,396,8
1.2143377497327141,50.0,0,7.538749602139404,1.0204,0,1.8708286933869707,7.482359239761056,,True,0.0,,,7.982359239761056,0,[129  23 132  26  55  90],2.584962500721156,"{'rewards': [-0.1, -0.1, -0.1, -0.1, -0.1, 7.982359239761056], 'action': [array([129], dtype=int64), array([23], dtype=int64), array([132], dtype=int64), array([26], dtype=int64), array([55], dtype=int64), array([90], dtype=int64)]}",narrow-puzzle,51,0,,8.14519936825218,443,6
1.2770856082373117,50.0,0,4.853564745562042,1.0206,0,1.4491376746189437,3.0823592397610575,,True,9.0,,,7.982359239761056,0,[  9  92  12 107  14  52],2.584962500721156,"{'rewards': [-0.1, -0.1, -0.1, -0.1, -0.1, -4.1, -0.1, -0.1, -0.1, 7.982359239761056], 'action': [array([73], dtype=int64), array([117], dtype=int64), array([52], dtype=int64), array([32], dtype=int64), array([14], dtype=int64), array([52], dtype=int64), array([9], dtype=int64), array([92], dtype=int64), array([12], dtype=int64), array([107], dtype=int64)]}",narrow-puzzle,52,0,,8.146795840100134,448,10
1.234661167544703,50.0,0,6.452096070160617,1.0208,0,1.0,6.182359239761055,,True,12.0,,,7.982359239761056,0,[44 74 88  3 38 52],2.584962500721156,"{'rewards': [-0.1, -0.1, -0.1, -0.1, -0.1, -0.1, -0.1, -0.1, -0.1, -0.1, -0.1, -0.1, -0.1, -0.1, -0.1, -0.1, -0.1, -0.1, 7.982359239761056], 'action': [array([47], dtype=int64), array([23], dtype=int64), array([119], dtype=int64), array([96], dtype=int64), array([92], dtype=int64), array([26], dtype=int64), array([104], dtype=int64), array([19], dtype=int64), array([27], dtype=int64), array([26], dtype=int64), array([73], dtype=int64), array([70], dtype=int64), array([113], dtype=int64), array([74], dtype=int64), array([88], dtype=int64), array([3], dtype=int64), array([38], dtype=int64), array([52], dtype=int64), array([44], dtype=int64)]}",narrow-puzzle,53,0,,8.148392311948086,458,19
1.2293836031511547,10.0,-4.585786437626905,-1.6052869949972413,1.021,0,1.0,-2.67091401601859,,True,7.0,,,1.0290859839814104,0,[51 90 52 21 52  6],2.2516291673878226,"{'rewards': [-0.1, -0.1, -0.1, -0.1, -0.1, -0.1, -0.1, -0.1, -0.1, -0.1, -0.1, -0.1, -0.1, -0.1, -0.1, -0.1, -2.1, 1.0290859839814104], 'action': [array([73], dtype=int64), array([90], dtype=int64), array([110], dtype=int64), array([26], dtype=int64), array([97], dtype=int64), array([137], dtype=int64), array([85], dtype=int64), array([70], dtype=int64), array([6], dtype=int64), array([93], dtype=int64), array([128], dtype=int64), array([14], dtype=int64), array([51], dtype=int64), array([90], dtype=int64), array([52], dtype=int64), array([21], dtype=int64), array([52], dtype=int64), array([6], dtype=int64)]}",narrow-puzzle,54,0,,1.05069678964502,459,18
1.2337072006859822,10.0,-5.0,-3.506083540741657,1.0211999999999999,0,1.1114378604524227,-4.57091401601859,,True,7.0,,,-2.9709140160185896,-4,[23 38 51 94 85 85],2.2516291673878226,"{'rewards': [-0.1, -0.1, -0.1, -0.1, -0.1, -0.1, -0.1, -0.1, -0.1, -0.1, -0.1, -0.1, -0.1, -0.1, -0.1, -0.1, -2.9709140160185896], 'action': [array([76], dtype=int64), array([117], dtype=int64), array([81], dtype=int64), array([13], dtype=int64), array([0], dtype=int64), array([69], dtype=int64), array([52], dtype=int64), array([119], dtype=int64), array([108], dtype=int64), array([130], dtype=int64), array([62], dtype=int64), array([85], dtype=int64), array([23], dtype=int64), array([38], dtype=int64), array([51], dtype=int64), array([94], dtype=int64), array([85], dtype=int64)]}",narrow-puzzle,55,0,,-3.0338973931581834,459,17
1.2011843695232833,50.0,0,6.858999617936363,1.0214,0,1.224744871391589,6.682359239761056,,True,8.0,,,7.982359239761056,0,[ 55  57  94 132 133 138],2.584962500721156,"{'rewards': [-0.1, -0.1, -0.1, -0.1, -0.1, -0.1, -0.1, -0.1, -0.1, -0.1, -0.1, -0.1, -0.1, 7.982359239761056], 'action': [array([105], dtype=int64), array([96], dtype=int64), array([137], dtype=int64), array([47], dtype=int64), array([3], dtype=int64), array([74], dtype=int64), array([41], dtype=int64), array([73], dtype=int64), array([94], dtype=int64), array([132], dtype=int64), array([133], dtype=int64), array([138], dtype=int64), array([55], dtype=int64), array([57], dtype=int64)]}",narrow-puzzle,56,0,,8.153181727491944,459,14
1.2427325863454013,50.0,0,6.613246574234754,1.0216,0,1.1114378604524227,6.382359239761056,,True,3.0,,,7.982359239761056,0,[120 130 121  41  52   9],2.584962500721156,"{'rewards': [-0.1, -0.1, -0.1, -0.1, -0.1, -0.1, -0.1, -0.1, -0.1, -0.1, -0.1, -0.1, -0.1, -0.1, -0.1, -0.1, 7.982359239761056], 'action': [array([47], dtype=int64), array([62], dtype=int64), array([110], dtype=int64), array([5], dtype=int64), array([73], dtype=int64), array([11], dtype=int64), array([147], dtype=int64), array([90], dtype=int64), array([147], dtype=int64), array([19], dtype=int64), array([99], dtype=int64), array([9], dtype=int64), array([120], dtype=int64), array([130], dtype=int64), array([121], dtype=int64), array([41], dtype=int64), array([52], dtype=int64)]}",narrow-puzzle,57,0,,8.154778199339896,460,17
1.2681740747716221,10.0,-5.0,-3.894917625175824,1.0218,0,1.0,-6.670914016018584,,True,11.0,,,1.0290859839814175,0,[ 94 145  58  92  92 121],2.251629167387823,"{'rewards': [-0.1, -0.1, -0.1, -0.1, -2.1, -0.1, -0.1, -0.1, -0.1, -0.1, -0.1, -0.1, -0.1, -0.1, -0.1, -0.1, -4.1, 1.0290859839814175], 'action': [array([16], dtype=int64), array([125], dtype=int64), array([57], dtype=int64), array([17], dtype=int64), array([16], dtype=int64), array([74], dtype=int64), array([99], dtype=int64), array([121], dtype=int64), array([6], dtype=int64), array([19], dtype=int64), array([81], dtype=int64), array([77], dtype=int64), array([94], dtype=int64), array([145], dtype=int64), array([58], dtype=int64), array([92], dtype=int64), array([92], dtype=int64), array([121], dtype=int64)]}",narrow-puzzle,58,0,,1.0515200584322124,467,18
1.219142981578107,50.0,0,7.025567098934171,1.022,0,1.3228756555322954,6.8823592397610565,,True,9.0,,,7.982359239761056,0,[ 90  27 119  85 125  69],2.584962500721156,"{'rewards': [-0.1, -0.1, -0.1, -0.1, -0.1, -0.1, -0.1, -0.1, -0.1, -0.1, -0.1, 7.982359239761056], 'action': [array([18], dtype=int64), array([27], dtype=int64), array([118], dtype=int64), array([14], dtype=int64), array([126], dtype=int64), array([85], dtype=int64), array([90], dtype=int64), array([27], dtype=int64), array([119], dtype=int64), array([85], dtype=int64), array([125], dtype=int64), array([69], dtype=int64)]}",narrow-puzzle,59,0,,8.1579711430358,467,12
1.2330864868922786,50.0,0,6.532405504673998,1.0222,0,1.0,6.282359239761056,,True,12.0,,,7.982359239761056,0,[130 147   8  35   3  61],2.584962500721156,"{'rewards': [-0.1, -0.1, -0.1, -0.1, -0.1, -0.1, -0.1, -0.1, -0.1, -0.1, -0.1, -0.1, -0.1, -0.1, -0.1, -0.1, -0.1, 7.982359239761056], 'action': [array([132], dtype=int64), array([23], dtype=int64), array([129], dtype=int64), array([24], dtype=int64), array([85], dtype=int64), array([81], dtype=int64), array([9], dtype=int64), array([38], dtype=int64), array([90], dtype=int64), array([33], dtype=int64), array([5], dtype=int64), array([26], dtype=int64), array([130], dtype=int64), array([147], dtype=int64), array([8], dtype=int64), array([35], dtype=int64), array([3], dtype=int64), array([61], dtype=int64)]}",narrow-puzzle,60,0,,8.159567614883752,467,18
1.2060206548420849,50.0,0,6.942007413469155,1.0224,0,1.2709778186044849,6.782359239761056,,True,9.0,,,7.982359239761056,0,[ 81  52 117  26 105  90],2.584962500721156,"{'rewards': [-0.1, -0.1, -0.1, -0.1, -0.1, -0.1, -0.1, -0.1, -0.1, -0.1, -0.1, -0.1, 7.982359239761056], 'action': [array([87], dtype=int64), array([9], dtype=int64), array([119], dtype=int64), array([73], dtype=int64), array([17], dtype=int64), array([132], dtype=int64), array([91], dtype=int64), array([52], dtype=int64), array([117], dtype=int64), array([26], dtype=int64), array([105], dtype=int64), array([90], dtype=int64), array([81], dtype=int64)]}",narrow-puzzle,61,0,,8.161164086731704,474,13
1.2799145372666045,50.0,0,3.3596002750497322,1.0226,0,1.224744871391589,2.6823592397610563,,True,3.0,,,7.982359239761056,0,[ 51  52   8  48 126  69],2.584962500721156,"{'rewards': [-0.1, -0.1, -0.1, -0.1, -0.1, -0.1, -0.1, -0.1, -0.1, -0.1, -0.1, -0.1, -4.1, 7.982359239761056], 'action': [array([76], dtype=int64), array([52], dtype=int64), array([71], dtype=int64), array([26], dtype=int64), array([14], dtype=int64), array([21], dtype=int64), array([43], dtype=int64), array([51], dtype=int64), array([8], dtype=int64), array([48], dtype=int64), array([126], dtype=int64), array([69], dtype=int64), array([51], dtype=int64), array([52], dtype=int64)]}",narrow-puzzle,62,0,,8.162760558579656,484,14
1.2415872703764101,50.0,0,5.369497218659736,1.0228,0,1.0,4.282359239761055,,True,11.0,,,7.982359239761056,0,[  2  19  44  82 112 100],2.584962500721156,"{'rewards': [-0.1, -0.1, -0.1, -0.1, -0.1, -0.1, -0.1, -0.1, -0.1, -0.1, -2.1, -0.1, -0.1, -0.1, -0.1, -0.1, -0.1, 7.982359239761056], 'action': [array([3], dtype=int64), array([50], dtype=int64), array([6], dtype=int64), array([88], dtype=int64), array([28], dtype=int64), array([24], dtype=int64), array([47], dtype=int64), array([5], dtype=int64), array([21], dtype=int64), array([26], dtype=int64), array([47], dtype=int64), array([8], dtype=int64), array([2], dtype=int64), array([19], dtype=int64), array([44], dtype=int64), array([82], dtype=int64), array([112], dtype=int64), array([100], dtype=int64)]}",narrow-puzzle,63,0,,8.164357030427608,488,18
1.230603721980387,50.0,0,7.365408224683186,1.023,0,1.620185174601965,7.282359239761056,,True,6.0,,,7.982359239761056,0,[145 107 138  26  95  31],2.584962500721156,"{'rewards': [-0.1, -0.1, -0.1, -0.1, -0.1, -0.1, -0.1, 7.982359239761056], 'action': [array([130], dtype=int64), array([96], dtype=int64), array([138], dtype=int64), array([26], dtype=int64), array([95], dtype=int64), array([31], dtype=int64), array([145], dtype=int64), array([107], dtype=int64)]}",narrow-puzzle,64,0,,8.16595350227556,488,8
1.2629708616140571,50.0,0,7.109682823457207,1.0231999999999999,0,1.381698559415515,6.982359239761056,,True,3.0,,,7.982359239761056,0,[ 73  50  17   2   0 129],2.584962500721156,"{'rewards': [-0.1, -0.1, -0.1, -0.1, -0.1, -0.1, -0.1, -0.1, -0.1, -0.1, 7.982359239761056], 'action': [array([104], dtype=int64), array([37], dtype=int64), array([14], dtype=int64), array([77], dtype=int64), array([145], dtype=int64), array([129], dtype=int64), array([73], dtype=int64), array([50], dtype=int64), array([17], dtype=int64), array([2], dtype=int64), array([0], dtype=int64)]}",narrow-puzzle,65,0,,8.167549974123512,492,11
1.2121208736035132,50.0,0,6.613246574234754,1.0233999999999999,0,1.1114378604524227,6.382359239761056,,True,6.0,,,7.982359239761056,0,[ 26  27 145 119 137  96],2.584962500721156,"{'rewards': [-0.1, -0.1, -0.1, -0.1, -0.1, -0.1, -0.1, -0.1, -0.1, -0.1, -0.1, -0.1, -0.1, -0.1, -0.1, -0.1, 7.982359239761056], 'action': [array([32], dtype=int64), array([55], dtype=int64), array([80], dtype=int64), array([119], dtype=int64), array([22], dtype=int64), array([56], dtype=int64), array([107], dtype=int64), array([39], dtype=int64), array([21], dtype=int64), array([131], dtype=int64), array([55], dtype=int64), array([96], dtype=int64), array([26], dtype=int64), array([27], dtype=int64), array([145], dtype=int64), array([119], dtype=int64), array([137], dtype=int64)]}",narrow-puzzle,66,0,,8.169146445971464,496,17
1.270667714161638,50.0,0,6.942007413469155,1.0236,0,1.2709778186044849,6.782359239761056,,True,13.0,,,7.982359239761056,0,[ 89  87  27  92  31 129],2.584962500721156,"{'rewards': [-0.1, -0.1, -0.1, -0.1, -0.1, -0.1, -0.1, -0.1, -0.1, -0.1, -0.1, -0.1, 7.982359239761056], 'action': [array([112], dtype=int64), array([60], dtype=int64), array([138], dtype=int64), array([62], dtype=int64), array([70], dtype=int64), array([69], dtype=int64), array([2], dtype=int64), array([87], dtype=int64), array([27], dtype=int64), array([92], dtype=int64), array([31], dtype=int64), array([129], dtype=int64), array([89], dtype=int64)]}",narrow-puzzle,67,0,,8.170742917819418,499,13
1.2035735458084809,50.0,0,6.532405504673998,1.0238,0,1.0,6.282359239761056,,True,6.0,,,7.982359239761056,0,[52 90 47 74 23 26],2.584962500721156,"{'rewards': [-0.1, -0.1, -0.1, -0.1, -0.1, -0.1, -0.1, -0.1, -0.1, -0.1, -0.1, -0.1, -0.1, -0.1, -0.1, -0.1, -0.1, 7.982359239761056], 'action': [array([108], dtype=int64), array([99], dtype=int64), array([75], dtype=int64), array([37], dtype=int64), array([121], dtype=int64), array([95], dtype=int64), array([146], dtype=int64), array([55], dtype=int64), array([81], dtype=int64), array([57], dtype=int64), array([102], dtype=int64), array([87], dtype=int64), array([52], dtype=int64), array([90], dtype=int64), array([47], dtype=int64), array([74], dtype=int64), array([23], dtype=int64), array([26], dtype=int64)]}",narrow-puzzle,68,0,,8.17233938966737,508,18
1.2345554952272664,50.0,0,6.942007413469155,1.024,0,1.2709778186044849,6.782359239761056,,True,12.0,,,7.982359239761056,0,[138 130 115 113  55  39],2.584962500721156,"{'rewards': [-0.1, -0.1, -0.1, -0.1, -0.1, -0.1, -0.1, -0.1, -0.1, -0.1, -0.1, -0.1, 7.982359239761056], 'action': [array([55], dtype=int64), array([8], dtype=int64), array([11], dtype=int64), array([44], dtype=int64), array([34], dtype=int64), array([18], dtype=int64), array([69], dtype=int64), array([130], dtype=int64), array([115], dtype=int64), array([113], dtype=int64), array([55], dtype=int64), array([39], dtype=int64), array([138], dtype=int64)]}",narrow-puzzle,69,0,,8.173935861515321,508,13
1.2149409027272682,50.0,0,7.4517902680670165,1.0242,0,1.7320508075688774,7.3823592397610565,,True,12.0,,,7.982359239761056,0,[ 21 120 119  55  29  85],2.584962500721156,"{'rewards': [-0.1, -0.1, -0.1, -0.1, -0.1, -0.1, 7.982359239761056], 'action': [array([66], dtype=int64), array([120], dtype=int64), array([119], dtype=int64), array([55], dtype=int64), array([29], dtype=int64), array([85], dtype=int64), array([21], dtype=int64)]}",narrow-puzzle,70,0,,8.175532333363273,516,7
1.2121321822654854,50.0,0,6.694623265292282,1.0244,0,1.1456439237389602,6.482359239761056,,True,3.0,,,7.982359239761056,0,[  3 138  95 110 113  75],2.584962500721156,"{'rewards': [-0.1, -0.1, -0.1, -0.1, -0.1, -0.1, -0.1, -0.1, -0.1, -0.1, -0.1, -0.1, -0.1, -0.1, -0.1, 7.982359239761056], 'action': [array([134], dtype=int64), array([83], dtype=int64), array([57], dtype=int64), array([39], dtype=int64), array([14], dtype=int64), array([81], dtype=int64), array([134], dtype=int64), array([89], dtype=int64), array([105], dtype=int64), array([146], dtype=int64), array([113], dtype=int64), array([75], dtype=int64), array([3], dtype=int64), array([138], dtype=int64), array([95], dtype=int64), array([110], dtype=int64)]}",narrow-puzzle,71,0,,8.177128805211225,526,16
1.2026834797549828,50.0,0,7.538749602139404,1.0246,0,1.8708286933869707,7.482359239761056,,True,4.0,,,7.982359239761056,0,[ 44 121 136  55  74  76],2.584962500721156,"{'rewards': [-0.1, -0.1, -0.1, -0.1, -0.1, 7.982359239761056], 'action': [array([44], dtype=int64), array([121], dtype=int64), array([136], dtype=int64), array([55], dtype=int64), array([74], dtype=int64), array([76], dtype=int64)]}",narrow-puzzle,72,0,,8.178725277059177,528,6
1.2501714793302856,50.0,0,7.538749602139404,1.0248,0,1.8708286933869707,7.482359239761056,,True,3.0,,,7.982359239761056,0,[  7 112  41  92  37 130],2.584962500721156,"{'rewards': [-0.1, -0.1, -0.1, -0.1, -0.1, 7.982359239761056], 'action': [array([7], dtype=int64), array([112], dtype=int64), array([41], dtype=int64), array([92], dtype=int64), array([37], dtype=int64), array([130], dtype=int64)]}",narrow-puzzle,73,0,,8.18032174890713,539,6
1.2140055640425784,50.0,0,7.538749602139404,1.025,0,1.8708286933869707,7.482359239761056,,True,0.0,,,7.982359239761056,0,[ 95  76 138  21  29  19],2.584962500721156,"{'rewards': [-0.1, -0.1, -0.1, -0.1, -0.1, 7.982359239761056], 'action': [array([95], dtype=int64), array([76], dtype=int64), array([138], dtype=int64), array([21], dtype=int64), array([29], dtype=int64), array([19], dtype=int64)]}",narrow-puzzle,74,0,,8.181918220755081,540,6
1.1957037708926306,50.0,0,5.787115809984112,1.0252,0,1.0,4.082359239761055,,True,6.0,,,7.982359239761056,0,[35  2 26 55 28 76],2.584962500721156,"{'rewards': [-0.1, -0.1, -0.1, -0.1, -0.1, -2.1, -0.1, -0.1, -0.1, -0.1, -0.1, -0.1, -0.1, -0.1, -0.1, -0.1, -0.1, -0.1, -0.1, 7.982359239761056], 'action': [array([2], dtype=int64), array([64], dtype=int64), array([138], dtype=int64), array([10], dtype=int64), array([101], dtype=int64), array([64], dtype=int64), array([121], dtype=int64), array([99], dtype=int64), array([15], dtype=int64), array([26], dtype=int64), array([120], dtype=int64), array([6], dtype=int64), array([50], dtype=int64), array([137], dtype=int64), array([26], dtype=int64), array([55], dtype=int64), array([28], dtype=int64), array([76], dtype=int64), array([35], dtype=int64), array([2], dtype=int64)]}",narrow-puzzle,75,0,,8.183514692603033,540,20
1.2621420272645105,50.0,0,6.694623265292282,1.0253999999999999,0,1.1456439237389602,6.482359239761056,,True,6.0,,,7.982359239761056,0,[118  37  92   4  17 110],2.584962500721156,"{'rewards': [-0.1, -0.1, -0.1, -0.1, -0.1, -0.1, -0.1, -0.1, -0.1, -0.1, -0.1, -0.1, -0.1, -0.1, -0.1, 7.982359239761056], 'action': [array([100], dtype=int64), array([129], dtype=int64), array([43], dtype=int64), array([82], dtype=int64), array([106], dtype=int64), array([73], dtype=int64), array([130], dtype=int64), array([136], dtype=int64), array([28], dtype=int64), array([137], dtype=int64), array([17], dtype=int64), array([110], dtype=int64), array([118], dtype=int64), array([37], dtype=int64), array([92], dtype=int64), array([4], dtype=int64)]}",narrow-puzzle,76,0,,8.185111164450985,547,16
1.2626265230799854,50.0,0,7.025567098934171,1.0255999999999998,0,1.3228756555322954,6.8823592397610565,,True,3.0,,,7.982359239761056,0,[130  99 122 129  57 121],2.584962500721156,"{'rewards': [-0.1, -0.1, -0.1, -0.1, -0.1, -0.1, -0.1, -0.1, -0.1, -0.1, -0.1, 7.982359239761056], 'action': [array([77], dtype=int64), array([119], dtype=int64), array([32], dtype=int64), array([147], dtype=int64), array([23], dtype=int64), array([27], dtype=int64), array([130], dtype=int64), array([99], dtype=int64), array([122], dtype=int64), array([129], dtype=int64), array([57], dtype=int64), array([121], dtype=int64)]}",narrow-puzzle,77,0,,8.186707636298937,551,12
1.2473668747456972,50.0,0,6.372314315974113,1.0258,0,1.0,6.082359239761056,,True,3.0,,,7.982359239761056,0,[141  55  16   1  52  97],2.584962500721156,"{'rewards': [-0.1, -0.1, -0.1, -0.1, -0.1, -0.1, -0.1, -0.1, -0.1, -0.1, -0.1, -0.1, -0.1, -0.1, -0.1, -0.1, -0.1, -0.1, -0.1, 7.982359239761056], 'action': [array([128], dtype=int64), array([42], dtype=int64), array([53], dtype=int64), array([38], dtype=int64), array([89], dtype=int64), array([29], dtype=int64), array([26], dtype=int64), array([115], dtype=int64), array([118], dtype=int64), array([16], dtype=int64), array([101], dtype=int64), array([75], dtype=int64), array([61], dtype=int64), array([27], dtype=int64), array([16], dtype=int64), array([1], dtype=int64), array([52], dtype=int64), array([97], dtype=int64), array([141], dtype=int64), array([55], dtype=int64)]}",narrow-puzzle,78,0,,8.188304108146891,558,20
1.2985757660554373,0.0,-6.585786437626905,-15.904178963328476,1.026,0,1.0,-19.321218440482426,,True,12.0,,,-7.521218440482425,0,[134  87  87  15  82  87],1.7924812503605778,"{'rewards': [-0.1, -0.1, -0.1, -0.1, -0.1, -0.1, -0.1, -0.1, -0.1, -0.1, -0.1, -0.1, -0.1, -0.1, -4.1, -0.1, -0.1, -6.1, -7.521218440482425], 'action': [array([64], dtype=int64), array([75], dtype=int64), array([47], dtype=int64), array([133], dtype=int64), array([16], dtype=int64), array([112], dtype=int64), array([26], dtype=int64), array([94], dtype=int64), array([20], dtype=int64), array([80], dtype=int64), array([81], dtype=int64), array([55], dtype=int64), array([9], dtype=int64), array([87], dtype=int64), array([87], dtype=int64), array([15], dtype=int64), array([82], dtype=int64), array([87], dtype=int64), array([134], dtype=int64)]}",narrow-puzzle,79,0,,-7.716770119934968,558,19
1.2676578890447288,50.0,0,6.532405504673998,1.0262,0,1.0,6.282359239761056,,True,3.0,,,7.982359239761056,0,[ 41  12 122  52  70  14],2.584962500721156,"{'rewards': [-0.1, -0.1, -0.1, -0.1, -0.1, -0.1, -0.1, -0.1, -0.1, -0.1, -0.1, -0.1, -0.1, -0.1, -0.1, -0.1, -0.1, 7.982359239761056], 'action': [array([56], dtype=int64), array([90], dtype=int64), array([138], dtype=int64), array([22], dtype=int64), array([73], dtype=int64), array([105], dtype=int64), array([93], dtype=int64), array([67], dtype=int64), array([81], dtype=int64), array([22], dtype=int64), array([9], dtype=int64), array([78], dtype=int64), array([41], dtype=int64), array([12], dtype=int64), array([122], dtype=int64), array([52], dtype=int64), array([70], dtype=int64), array([14], dtype=int64)]}",narrow-puzzle,80,0,,8.191497051842795,570,18
1.2237848946898804,50.0,0,7.4517902680670165,1.0264,0,1.7320508075688774,7.3823592397610565,,True,6.0,,,7.982359239761056,0,[ 66 137  50  96  26  25],2.584962500721156,"{'rewards': [-0.1, -0.1, -0.1, -0.1, -0.1, -0.1, 7.982359239761056], 'action': [array([144], dtype=int64), array([137], dtype=int64), array([50], dtype=int64), array([96], dtype=int64), array([26], dtype=int64), array([25], dtype=int64), array([66], dtype=int64)]}",narrow-puzzle,81,0,,8.193093523690747,575,7
1.2445033414365363,50.0,0,7.538749602139404,1.0266,0,1.8708286933869707,7.482359239761056,,True,3.0,,,7.982359239761056,0,[ 52  56  22  31 125  27],2.584962500721156,"{'rewards': [-0.1, -0.1, -0.1, -0.1, -0.1, 7.982359239761056], 'action': [array([52], dtype=int64), array([56], dtype=int64), array([22], dtype=int64), array([31], dtype=int64), array([125], dtype=int64), array([27], dtype=int64)]}",narrow-puzzle,82,0,,8.1946899955387,580,6
1.2132237434976019,50.0,0,3.9677215198468807,1.0268,0,1.0,1.982359239761057,,True,6.0,,,7.982359239761056,0,[ 55 109  85  47   3  10],2.584962500721156,"{'rewards': [-0.1, -0.1, -0.1, -0.1, -0.1, -0.1, -0.1, -0.1, -0.1, -2.1, -0.1, -0.1, -0.1, -0.1, -0.1, -2.1, -0.1, -0.1, -0.1, -0.1, 7.982359239761056], 'action': [array([18], dtype=int64), array([110], dtype=int64), array([47], dtype=int64), array([93], dtype=int64), array([91], dtype=int64), array([54], dtype=int64), array([105], dtype=int64), array([23], dtype=int64), array([52], dtype=int64), array([23], dtype=int64), array([136], dtype=int64), array([5], dtype=int64), array([99], dtype=int64), array([47], dtype=int64), array([42], dtype=int64), array([47], dtype=int64), array([3], dtype=int64), array([10], dtype=int64), array([55], dtype=int64), array([109], dtype=int64), array([85], dtype=int64)]}",narrow-puzzle,83,0,,8.196286467386653,604,21
1.259279060011439,50.0,0,6.942007413469155,1.027,0,1.2709778186044849,6.782359239761056,,True,15.0,,,7.982359239761056,0,[ 55 122 130 137  77  60],2.584962500721156,"{'rewards': [-0.1, -0.1, -0.1, -0.1, -0.1, -0.1, -0.1, -0.1, -0.1, -0.1, -0.1, -0.1, 7.982359239761056], 'action': [array([66], dtype=int64), array([93], dtype=int64), array([119], dtype=int64), array([55], dtype=int64), array([19], dtype=int64), array([138], dtype=int64), array([21], dtype=int64), array([122], dtype=int64), array([130], dtype=int64), array([137], dtype=int64), array([77], dtype=int64), array([60], dtype=int64), array([55], dtype=int64)]}",narrow-puzzle,84,0,,8.197882939234605,605,13
1.2687742263290611,50.0,0,6.372314315974113,1.0272,0,1.0,6.082359239761056,,True,9.0,,,7.982359239761056,0,[ 92  40 120   9 106  81],2.584962500721156,"{'rewards': [-0.1, -0.1, -0.1, -0.1, -0.1, -0.1, -0.1, -0.1, -0.1, -0.1, -0.1, -0.1, -0.1, -0.1, -0.1, -0.1, -0.1, -0.1, -0.1, 7.982359239761056], 'action': [array([21], dtype=int64), array([67], dtype=int64), array([136], dtype=int64), array([23], dtype=int64), array([138], dtype=int64), array([22], dtype=int64), array([3], dtype=int64), array([130], dtype=int64), array([73], dtype=int64), array([146], dtype=int64), array([129], dtype=int64), array([90], dtype=int64), array([26], dtype=int64), array([41], dtype=int64), array([120], dtype=int64), array([9], dtype=int64), array([106], dtype=int64), array([81], dtype=int64), array([92], dtype=int64), array([40], dtype=int64)]}",narrow-puzzle,85,0,,8.199479411082557,612,20
1.229735035409707,50.0,0,6.942007413469155,1.0273999999999999,0,1.2709778186044849,6.782359239761056,,True,9.0,,,7.982359239761056,0,[110 118  77   9  85  55],2.584962500721156,"{'rewards': [-0.1, -0.1, -0.1, -0.1, -0.1, -0.1, -0.1, -0.1, -0.1, -0.1, -0.1, -0.1, 7.982359239761056], 'action': [array([5], dtype=int64), array([69], dtype=int64), array([70], dtype=int64), array([35], dtype=int64), array([61], dtype=int64), array([2], dtype=int64), array([42], dtype=int64), array([118], dtype=int64), array([77], dtype=int64), array([9], dtype=int64), array([85], dtype=int64), array([55], dtype=int64), array([110], dtype=int64)]}",narrow-puzzle,86,0,,8.201075882930509,614,13
1.2367273208536822,50.0,0,7.365408224683186,1.0275999999999998,0,1.620185174601965,7.282359239761056,,True,3.0,,,7.982359239761056,0,[ 22  32  52 130 118  77],2.584962500721156,"{'rewards': [-0.1, -0.1, -0.1, -0.1, -0.1, -0.1, -0.1, 7.982359239761056], 'action': [array([13], dtype=int64), array([71], dtype=int64), array([52], dtype=int64), array([130], dtype=int64), array([118], dtype=int64), array([77], dtype=int64), array([22], dtype=int64), array([32], dtype=int64)]}",narrow-puzzle,87,0,,8.20267235477846,618,8
1.2663432993304307,50.0,0,7.365408224683186,1.0278,0,1.620185174601965,7.282359239761056,,True,13.0,,,7.982359239761056,0,[110  73  92  53  50  55],2.584962500721156,"{'rewards': [-0.1, -0.1, -0.1, -0.1, -0.1, -0.1, -0.1, 7.982359239761056], 'action': [array([44], dtype=int64), array([126], dtype=int64), array([92], dtype=int64), array([53], dtype=int64), array([50], dtype=int64), array([55], dtype=int64), array([110], dtype=int64), array([73], dtype=int64)]}",narrow-puzzle,88,0,,8.204268826626414,621,8
1.2226723926161274,50.0,0,7.4517902680670165,1.028,0,1.7320508075688774,7.3823592397610565,,True,3.0,,,7.982359239761056,0,[128  85  41 138  38  26],2.584962500721156,"{'rewards': [-0.1, -0.1, -0.1, -0.1, -0.1, -0.1, 7.982359239761056], 'action': [array([16], dtype=int64), array([85], dtype=int64), array([41], dtype=int64), array([138], dtype=int64), array([38], dtype=int64), array([26], dtype=int64), array([128], dtype=int64)]}",narrow-puzzle,89,0,,8.205865298474366,628,7
1.244443335528051,50.0,0,4.10949358142115,1.0282,0,1.0,-0.01764076023893857,,True,9.0,,,7.982359239761056,0,[118  23  92  93  52  26],2.584962500721156,"{'rewards': [-0.1, -0.1, -0.1, -0.1, -4.1, -0.1, -0.1, -0.1, -0.1, -0.1, -0.1, -0.1, -0.1, -2.1, -0.1, -0.1, -0.1, -0.1, -0.1, -0.1, 7.982359239761056], 'action': [array([55], dtype=int64), array([146], dtype=int64), array([70], dtype=int64), array([41], dtype=int64), array([41], dtype=int64), array([2], dtype=int64), array([82], dtype=int64), array([122], dtype=int64), array([96], dtype=int64), array([96], dtype=int64), array([92], dtype=int64), array([117], dtype=int64), array([119], dtype=int64), array([117], dtype=int64), array([129], dtype=int64), array([93], dtype=int64), array([52], dtype=int64), array([26], dtype=int64), array([118], dtype=int64), array([23], dtype=int64), array([92], dtype=int64)]}",narrow-puzzle,90,0,,8.207461770322318,638,21
1.2320475934360964,50.0,0,5.381049653073488,1.0284,0,1.1832159566199232,4.582359239761056,,True,3.0,,,7.982359239761056,0,[ 25  55 104  42  22  14],2.584962500721156,"{'rewards': [-0.1, -0.1, -0.1, -0.1, -0.1, -0.1, -0.1, -0.1, -0.1, -0.1, -2.1, -0.1, -0.1, -0.1, 7.982359239761056], 'action': [array([61], dtype=int64), array([136], dtype=int64), array([94], dtype=int64), array([89], dtype=int64), array([77], dtype=int64), array([134], dtype=int64), array([17], dtype=int64), array([22], dtype=int64), array([4], dtype=int64), array([42], dtype=int64), array([22], dtype=int64), array([14], dtype=int64), array([25], dtype=int64), array([55], dtype=int64), array([104], dtype=int64)]}",narrow-puzzle,91,0,,8.20905824217027,642,15
1.2330864868922784,50.0,0,7.538749602139404,1.0286,0,1.8708286933869707,7.482359239761056,,True,6.0,,,7.982359239761056,0,[  6  57  70 110   9  28],2.584962500721156,"{'rewards': [-0.1, -0.1, -0.1, -0.1, -0.1, 7.982359239761056], 'action': [array([6], dtype=int64), array([57], dtype=int64), array([70], dtype=int64), array([110], dtype=int64), array([9], dtype=int64), array([28], dtype=int64)]}",narrow-puzzle,92,0,,8.210654714018222,645,6
1.1994709313776364,50.0,0,7.538749602139404,1.0288,0,1.8708286933869707,7.482359239761056,,True,0.0,,,7.982359239761056,0,[140 119  41  14  47  93],2.584962500721156,"{'rewards': [-0.1, -0.1, -0.1, -0.1, -0.1, 7.982359239761056], 'action': [array([140], dtype=int64), array([119], dtype=int64), array([41], dtype=int64), array([14], dtype=int64), array([47], dtype=int64), array([93], dtype=int64)]}",narrow-puzzle,93,0,,8.212251185866174,670,6
1.259333009732625,50.0,0,7.025567098934171,1.029,0,1.3228756555322954,6.8823592397610565,,True,3.0,,,7.982359239761056,0,[ 27  55  41  92 122 130],2.584962500721156,"{'rewards': [-0.1, -0.1, -0.1, -0.1, -0.1, -0.1, -0.1, -0.1, -0.1, -0.1, -0.1, 7.982359239761056], 'action': [array([81], dtype=int64), array([70], dtype=int64), array([14], dtype=int64), array([17], dtype=int64), array([146], dtype=int64), array([22], dtype=int64), array([27], dtype=int64), array([55], dtype=int64), array([41], dtype=int64), array([92], dtype=int64), array([122], dtype=int64), array([130], dtype=int64)]}",narrow-puzzle,94,0,,8.213847657714126,684,12
1.2551355068096455,50.0,0,6.776539596290603,1.0292,0,1.1832159566199232,6.582359239761056,,True,3.0,,,7.982359239761056,0,[ 42  39   4  26 120  47],2.584962500721156,"{'rewards': [-0.1, -0.1, -0.1, -0.1, -0.1, -0.1, -0.1, -0.1, -0.1, -0.1, -0.1, -0.1, -0.1, -0.1, 7.982359239761056], 'action': [array([87], dtype=int64), array([3], dtype=int64), array([144], dtype=int64), array([8], dtype=int64), array([32], dtype=int64), array([55], dtype=int64), array([21], dtype=int64), array([130], dtype=int64), array([77], dtype=int64), array([26], dtype=int64), array([120], dtype=int64), array([47], dtype=int64), array([42], dtype=int64), array([39], dtype=int64), array([4], dtype=int64)]}",narrow-puzzle,95,0,,8.215444129562078,702,15
1.192472285264195,50.0,0,7.025567098934171,1.0293999999999999,0,1.3228756555322954,6.8823592397610565,,True,6.0,,,7.982359239761056,0,[78 55 76 37 81 95],2.584962500721156,"{'rewards': [-0.1, -0.1, -0.1, -0.1, -0.1, -0.1, -0.1, -0.1, -0.1, -0.1, -0.1, 7.982359239761056], 'action': [array([12], dtype=int64), array([47], dtype=int64), array([41], dtype=int64), array([39], dtype=int64), array([85], dtype=int64), array([26], dtype=int64), array([78], dtype=int64), array([55], dtype=int64), array([76], dtype=int64), array([37], dtype=int64), array([81], dtype=int64), array([95], dtype=int64)]}",narrow-puzzle,96,0,,8.21704060141003,708,12
1.2560442815048172,50.0,0,7.365408224683186,1.0295999999999998,0,1.620185174601965,7.282359239761056,,True,6.0,,,7.982359239761056,0,[  3  77  42 121 119 130],2.584962500721156,"{'rewards': [-0.1, -0.1, -0.1, -0.1, -0.1, -0.1, -0.1, 7.982359239761056], 'action': [array([117], dtype=int64), array([4], dtype=int64), array([42], dtype=int64), array([121], dtype=int64), array([119], dtype=int64), array([130], dtype=int64), array([3], dtype=int64), array([77], dtype=int64)]}",narrow-puzzle,97,0,,8.218637073257982,715,8
1.2477365023391827,50.0,0,7.538749602139404,1.0297999999999998,0,1.8708286933869707,7.482359239761056,,True,0.0,,,7.982359239761056,0,[  9  44  38  70   5 119],2.584962500721156,"{'rewards': [-0.1, -0.1, -0.1, -0.1, -0.1, 7.982359239761056], 'action': [array([9], dtype=int64), array([44], dtype=int64), array([38], dtype=int64), array([70], dtype=int64), array([5], dtype=int64), array([119], dtype=int64)]}",narrow-puzzle,98,0,,8.220233545105934,753,6
1.2311706814387748,50.0,0,6.942007413469155,1.03,0,1.2709778186044849,6.782359239761056,,True,6.0,,,7.982359239761056,0,[ 52  81  14  82  70 117],2.584962500721156,"{'rewards': [-0.1, -0.1, -0.1, -0.1, -0.1, -0.1, -0.1, -0.1, -0.1, -0.1, -0.1, -0.1, 7.982359239761056], 'action': [array([37], dtype=int64), array([81], dtype=int64), array([57], dtype=int64), array([48], dtype=int64), array([52], dtype=int64), array([77], dtype=int64), array([15], dtype=int64), array([81], dtype=int64), array([14], dtype=int64), array([82], dtype=int64), array([70], dtype=int64), array([117], dtype=int64), array([52], dtype=int64)]}",narrow-puzzle,99,0,,8.221830016953888,759,13
1.265851009332799,50.0,0,7.025567098934171,1.0302,0,1.3228756555322954,6.8823592397610565,,True,6.0,,,7.982359239761056,0,[  8  77 130  15  82  57],2.584962500721156,"{'rewards': [-0.1, -0.1, -0.1, -0.1, -0.1, -0.1, -0.1, -0.1, -0.1, -0.1, -0.1, 7.982359239761056], 'action': [array([79], dtype=int64), array([144], dtype=int64), array([138], dtype=int64), array([134], dtype=int64), array([3], dtype=int64), array([68], dtype=int64), array([8], dtype=int64), array([77], dtype=int64), array([130], dtype=int64), array([15], dtype=int64), array([82], dtype=int64), array([57], dtype=int64)]}",narrow-puzzle,100,0,,8.22342648880184,762,12
1.2493205056303114,50.0,0,6.532405504673998,1.0304,0,1.0,6.282359239761056,,True,9.0,,,7.982359239761056,0,[121 122 134  39   7 137],2.584962500721156,"{'rewards': [-0.1, -0.1, -0.1, -0.1, -0.1, -0.1, -0.1, -0.1, -0.1, -0.1, -0.1, -0.1, -0.1, -0.1, -0.1, -0.1, -0.1, 7.982359239761056], 'action': [array([26], dtype=int64), array([129], dtype=int64), array([89], dtype=int64), array([47], dtype=int64), array([85], dtype=int64), array([3], dtype=int64), array([116], dtype=int64), array([35], dtype=int64), array([14], dtype=int64), array([42], dtype=int64), array([10], dtype=int64), array([79], dtype=int64), array([121], dtype=int64), array([122], dtype=int64), array([134], dtype=int64), array([39], dtype=int64), array([7], dtype=int64), array([137], dtype=int64)]}",narrow-puzzle,101,0,,8.225022960649792,762,18
1.2281057280111296,10.0,-4.585786437626905,-1.2446586997106774,1.0306,0,1.381698559415515,-1.9709140160185896,,True,3.0,,,1.0290859839814104,0,[ 78 119 138 119  69  39],2.2516291673878226,"{'rewards': [-0.1, -0.1, -0.1, -0.1, -0.1, -0.1, -0.1, -0.1, -0.1, -2.1, 1.0290859839814104], 'action': [array([4], dtype=int64), array([76], dtype=int64), array([108], dtype=int64), array([85], dtype=int64), array([100], dtype=int64), array([39], dtype=int64), array([78], dtype=int64), array([119], dtype=int64), array([138], dtype=int64), array([119], dtype=int64), array([69], dtype=int64)]}",narrow-puzzle,102,0,,1.0605760150912416,762,11
1.211948937109716,50.0,0,7.025567098934171,1.0308,0,1.3228756555322954,6.8823592397610565,,True,3.0,,,7.982359239761056,0,[ 22  23  42 130  47  32],2.584962500721156,"{'rewards': [-0.1, -0.1, -0.1, -0.1, -0.1, -0.1, -0.1, -0.1, -0.1, -0.1, -0.1, 7.982359239761056], 'action': [array([51], dtype=int64), array([31], dtype=int64), array([122], dtype=int64), array([134], dtype=int64), array([50], dtype=int64), array([37], dtype=int64), array([22], dtype=int64), array([23], dtype=int64), array([42], dtype=int64), array([130], dtype=int64), array([47], dtype=int64), array([32], dtype=int64)]}",narrow-puzzle,103,0,,8.228215904345696,777,12
1.249633513757714,50.0,0,7.279599153250209,1.031,0,1.5275252316519468,7.182359239761056,,True,3.0,,,7.982359239761056,0,[ 34 130  55  80  99  69],2.584962500721156,"{'rewards': [-0.1, -0.1, -0.1, -0.1, -0.1, -0.1, -0.1, -0.1, 7.982359239761056], 'action': [array([39], dtype=int64), array([147], dtype=int64), array([34], dtype=int64), array([80], dtype=int64), array([99], dtype=int64), array([69], dtype=int64), array([34], dtype=int64), array([130], dtype=int64), array([55], dtype=int64)]}",narrow-puzzle,104,0,,8.229812376193648,790,9
1.219475046166395,50.0,0,5.674013220539777,1.0312,0,1.0,4.282359239761055,,True,13.0,,,7.982359239761056,0,[  4 140  44  85 124  42],2.584962500721156,"{'rewards': [-0.1, -0.1, -0.1, -0.1, -0.1, -0.1, -0.1, -2.1, -0.1, -0.1, -0.1, -0.1, -0.1, -0.1, -0.1, -0.1, -0.1, 7.982359239761056], 'action': [array([77], dtype=int64), array([71], dtype=int64), array([84], dtype=int64), array([121], dtype=int64), array([69], dtype=int64), array([89], dtype=int64), array([43], dtype=int64), array([69], dtype=int64), array([117], dtype=int64), array([130], dtype=int64), array([35], dtype=int64), array([130], dtype=int64), array([4], dtype=int64), array([140], dtype=int64), array([44], dtype=int64), array([85], dtype=int64), array([124], dtype=int64), array([42], dtype=int64)]}",narrow-puzzle,105,0,,8.2314088480416,814,18
1.2651256316772463,50.0,0,6.293056318859453,1.0313999999999999,0,1.0,5.982359239761056,,True,12.0,,,7.982359239761056,0,[ 76 130 131 107  50 142],2.584962500721156,"{'rewards': [-0.1, -0.1, -0.1, -0.1, -0.1, -0.1, -0.1, -0.1, -0.1, -0.1, -0.1, -0.1, -0.1, -0.1, -0.1, -0.1, -0.1, -0.1, -0.1, -0.1, 7.982359239761056], 'action': [array([57], dtype=int64), array([97], dtype=int64), array([112], dtype=int64), array([82], dtype=int64), array([71], dtype=int64), array([55], dtype=int64), array([43], dtype=int64), array([19], dtype=int64), array([115], dtype=int64), array([149], dtype=int64), array([82], dtype=int64), array([3], dtype=int64), array([57], dtype=int64), array([22], dtype=int64), array([81], dtype=int64), array([107], dtype=int64), array([50], dtype=int64), array([142], dtype=int64), array([76], dtype=int64), array([130], dtype=int64), array([131], dtype=int64)]}",narrow-puzzle,106,0,,8.233005319889552,815,21
1.2058262825215194,50.0,0,6.776539596290603,1.0315999999999999,0,1.1832159566199232,6.582359239761056,,True,6.0,,,7.982359239761056,0,[ 47   2  42 133 138  26],2.584962500721156,"{'rewards': [-0.1, -0.1, -0.1, -0.1, -0.1, -0.1, -0.1, -0.1, -0.1, -0.1, -0.1, -0.1, -0.1, -0.1, 7.982359239761056], 'action': [array([97], dtype=int64), array([133], dtype=int64), array([117], dtype=int64), array([55], dtype=int64), array([120], dtype=int64), array([3], dtype=int64), array([125], dtype=int64), array([20], dtype=int64), array([52], dtype=int64), array([133], dtype=int64), array([138], dtype=int64), array([26], dtype=int64), array([47], dtype=int64), array([2], dtype=int64), array([42], dtype=int64)]}",narrow-puzzle,107,0,,8.234601791737504,821,15
1.2432847159624123,50.0,0,7.4517902680670165,1.0317999999999998,0,1.7320508075688774,7.3823592397610565,,True,6.0,,,7.982359239761056,0,[42 67 47 97 77  3],2.584962500721156,"{'rewards': [-0.1, -0.1, -0.1, -0.1, -0.1, -0.1, 7.982359239761056], 'action': [array([12], dtype=int64), array([67], dtype=int64), array([47], dtype=int64), array([97], dtype=int64), array([77], dtype=int64), array([3], dtype=int64), array([42], dtype=int64)]}",narrow-puzzle,108,0,,8.236198263585456,841,7
1.258648024891185,10.0,-4.585786437626905,-0.574556154084658,1.032,0,1.620185174601965,-1.6709140160185898,,True,3.0,,,1.0290859839814104,0,[ 60 120  52   9  52  33],2.2516291673878226,"{'rewards': [-0.1, -0.1, -0.1, -0.1, -2.1, -0.1, -0.1, 1.0290859839814104], 'action': [array([119], dtype=int64), array([95], dtype=int64), array([52], dtype=int64), array([9], dtype=int64), array([52], dtype=int64), array([33], dtype=int64), array([60], dtype=int64), array([120], dtype=int64)]}",narrow-puzzle,109,0,,1.0620167354688155,868,8
1.2360164625125245,50.0,0,7.4517902680670165,1.0322,0,1.7320508075688774,7.3823592397610565,,True,6.0,,,7.982359239761056,0,[105 119   4   0 128  69],2.584962500721156,"{'rewards': [-0.1, -0.1, -0.1, -0.1, -0.1, -0.1, 7.982359239761056], 'action': [array([48], dtype=int64), array([119], dtype=int64), array([4], dtype=int64), array([0], dtype=int64), array([128], dtype=int64), array([69], dtype=int64), array([105], dtype=int64)]}",narrow-puzzle,110,0,,8.239391207281361,872,7
1.2651256316772463,10.0,-5.0,-2.906048545763927,1.0324,0,1.224744871391589,-4.2709140160185886,,True,3.0,,,1.0290859839814104,0,[50 48 69 90 85 85],2.2516291673878226,"{'rewards': [-0.1, -0.1, -0.1, -0.1, -0.1, -0.1, -0.1, -0.1, -0.1, -0.1, -0.1, -4.1, -0.1, 1.0290859839814104], 'action': [array([46], dtype=int64), array([85], dtype=int64), array([119], dtype=int64), array([17], dtype=int64), array([143], dtype=int64), array([116], dtype=int64), array([50], dtype=int64), array([135], dtype=int64), array([69], dtype=int64), array([90], dtype=int64), array([85], dtype=int64), array([85], dtype=int64), array([50], dtype=int64), array([48], dtype=int64)]}",narrow-puzzle,111,0,,1.062428369862408,873,14
1.2005383926059987,50.0,0,7.025567098934171,1.0326,0,1.3228756555322954,6.8823592397610565,,True,3.0,,,7.982359239761056,0,[101  15 110 119  27 121],2.584962500721156,"{'rewards': [-0.1, -0.1, -0.1, -0.1, -0.1, -0.1, -0.1, -0.1, -0.1, -0.1, -0.1, 7.982359239761056], 'action': [array([145], dtype=int64), array([117], dtype=int64), array([31], dtype=int64), array([89], dtype=int64), array([97], dtype=int64), array([7], dtype=int64), array([101], dtype=int64), array([15], dtype=int64), array([110], dtype=int64), array([119], dtype=int64), array([27], dtype=int64), array([121], dtype=int64)]}",narrow-puzzle,112,0,,8.242584150977267,875,12
1.2616258415376171,50.0,0,7.4517902680670165,1.0328,0,1.7320508075688774,7.3823592397610565,,True,6.0,,,7.982359239761056,0,[ 48 136  47   4   6  84],2.584962500721156,"{'rewards': [-0.1, -0.1, -0.1, -0.1, -0.1, -0.1, 7.982359239761056], 'action': [array([38], dtype=int64), array([136], dtype=int64), array([47], dtype=int64), array([4], dtype=int64), array([6], dtype=int64), array([84], dtype=int64), array([48], dtype=int64)]}",narrow-puzzle,113,0,,8.244180622825219,875,7
1.2392638401008897,50.0,0,6.293056318859453,1.033,0,1.0,5.982359239761056,,True,3.0,,,7.982359239761056,0,[ 42  89  47  64 145  70],2.584962500721156,"{'rewards': [-0.1, -0.1, -0.1, -0.1, -0.1, -0.1, -0.1, -0.1, -0.1, -0.1, -0.1, -0.1, -0.1, -0.1, -0.1, -0.1, -0.1, -0.1, -0.1, -0.1, 7.982359239761056], 'action': [array([37], dtype=int64), array([85], dtype=int64), array([47], dtype=int64), array([135], dtype=int64), array([79], dtype=int64), array([145], dtype=int64), array([42], dtype=int64), array([132], dtype=int64), array([73], dtype=int64), array([118], dtype=int64), array([104], dtype=int64), array([97], dtype=int64), array([82], dtype=int64), array([117], dtype=int64), array([120], dtype=int64), array([64], dtype=int64), array([145], dtype=int64), array([70], dtype=int64), array([42], dtype=int64), array([89], dtype=int64), array([47], dtype=int64)]}",narrow-puzzle,114,0,,8.245777094673171,876,21
1.2174651188250596,50.0,0,5.216010246983936,1.0332,0,1.1832159566199232,2.5823592397610593,,True,3.0,,,7.982359239761056,0,[ 94   4 120 119  55  47],2.584962500721156,"{'rewards': [-0.1, -0.1, -0.1, -0.1, -0.1, -4.1, -0.1, -0.1, -0.1, -0.1, -0.1, -0.1, -0.1, -0.1, 7.982359239761056], 'action': [array([77], dtype=int64), array([110], dtype=int64), array([92], dtype=int64), array([26], dtype=int64), array([3], dtype=int64), array([3], dtype=int64), array([141], dtype=int64), array([37], dtype=int64), array([85], dtype=int64), array([119], dtype=int64), array([55], dtype=int64), array([47], dtype=int64), array([94], dtype=int64), array([4], dtype=int64), array([120], dtype=int64)]}",narrow-puzzle,115,0,,8.247373566521123,889,15
